{
  "name": "NUCLEO-C562RE_project",
  "boards": [
    {
      "type": "NORMAL",
      "uid": "a65261fd-b5aa-4c5d-834f-78394f3d6000",
      "boardUID": "STMicroelectronics.nucleo-c562re_hw-board.0.0.2$STMicroelectronics::NUCLEO-C562RE@ENUC562RE$KR2",
      "removedParts": []
    }
  ],
  "version": 3,
  "computed": {
    "vdd": {},
    "boardInfos": {
      "packID": {
        "packVendor": "STMicroelectronics",
        "packName": "nucleo-c562re_hw-board",
        "packVersion": "0.0.2"
      },
      "vendor": "STMicroelectronics",
      "name": "NUCLEO-C562RE",
      "revision": "ENUC562RE$KR2",
      "mountedDevice": {
        "vendor": "STMicroelectronics:13",
        "variant": "STM32C562RET6"
      }
    },
    "deviceInfos": {
      "packID": {
        "packVendor": "STMicroelectronics",
        "packName": "stm32c5xx_dfp",
        "packVersion": "2.0.0-beta.2"
      },
      "vendor": "STMicroelectronics:13",
      "variant": "STM32C562RET6",
      "TZCapable": false,
      "cores": [
        {
          "coreType": "Cortex-M33",
          "coreVersion": "r0p4",
          "fpu": "SP_FPU",
          "endian": "Little-endian",
          "mve": "NO_MVE",
          "maxClockFrequency": "144000000",
          "pacbti": false,
          "mpu": true,
          "trustZone": false,
          "dsp": true
        }
      ]
    }
  },
  "constraints": [
    {
      "part": {
        "enabled": true,
        "reference": "B1",
        "pin": "1",
        "name": "KSC721JLFS"
      },
      "device": {
        "pin": "2"
      },
      "signals": [
        {
          "type": "GPIO",
          "direction": "output"
        }
      ]
    },
    {
      "part": {
        "enabled": true,
        "reference": "B1",
        "pin": "2",
        "name": "KSC721JLFS"
      },
      "device": {
        "pin": "2"
      },
      "signals": [
        {
          "type": "GPIO",
          "direction": "output"
        }
      ]
    },
    {
      "part": {
        "enabled": true,
        "reference": "U7",
        "pin": "8",
        "name": "MCP2562FDT-H/SN"
      },
      "device": {
        "pin": "1"
      },
      "signals": [
        {
          "type": "GPIO",
          "direction": "input"
        }
      ]
    },
    {
      "part": {
        "enabled": true,
        "reference": "U13",
        "pin": "L2",
        "name": "STLINK-V3EC"
      },
      "device": {
        "pin": "46"
      },
      "signals": [
        {
          "type": "BUS",
          "busType": "Debug TAP",
          "busMode": "Serial Wire Debug Master with SWO",
          "busVersion": "1.0.0",
          "signalType": "SWDIO",
          "compatibleConfigurations": [
            {
              "signalType": "SWDIO",
              "mode": "Serial Wire Debug Slave with SWO"
            }
          ]
        }
      ]
    },
    {
      "part": {
        "enabled": true,
        "reference": "U13",
        "pin": "M11",
        "name": "STLINK-V3EC"
      },
      "device": {
        "pin": "49"
      },
      "signals": [
        {
          "type": "BUS",
          "busType": "Debug TAP",
          "busMode": "Serial Wire Debug Master with SWO",
          "busVersion": "1.0.0",
          "signalType": "SWCLK",
          "compatibleConfigurations": [
            {
              "signalType": "SWCLK",
              "mode": "Serial Wire Debug Slave with SWO"
            }
          ]
        }
      ]
    },
    {
      "part": {
        "enabled": true,
        "reference": "U13",
        "pin": "D12",
        "name": "STLINK-V3EC"
      },
      "device": {
        "pin": "55"
      },
      "signals": [
        {
          "type": "BUS",
          "busType": "Debug TAP",
          "busMode": "Serial Wire Debug Master with SWO",
          "busVersion": "1.0.0",
          "signalType": "SWO",
          "compatibleConfigurations": [
            {
              "signalType": "SWO",
              "mode": "Serial Wire Debug Slave with SWO"
            }
          ]
        }
      ]
    },
    {
      "part": {
        "enabled": true,
        "reference": "U13",
        "pin": "C10",
        "name": "STLINK-V3EC"
      },
      "device": {
        "pin": "16"
      },
      "signals": [
        {
          "type": "BUS",
          "busType": "Serial",
          "busMode": "Asynchronous",
          "busVersion": "1.0.0",
          "signalType": "RX",
          "compatibleConfigurations": [
            {
              "signalType": "TX",
              "mode": "Asynchronous"
            }
          ]
        }
      ]
    },
    {
      "part": {
        "enabled": true,
        "reference": "U13",
        "pin": "A7",
        "name": "STLINK-V3EC"
      },
      "device": {
        "pin": "17"
      },
      "signals": [
        {
          "type": "BUS",
          "busType": "Serial",
          "busMode": "Asynchronous",
          "busVersion": "1.0.0",
          "signalType": "TX",
          "compatibleConfigurations": [
            {
              "signalType": "RX",
              "mode": "Asynchronous"
            }
          ]
        }
      ]
    }
  ]
}