{
    "version": 3,
    "configurePresets": [
        {
            "name": "default",
            "hidden": true,
            "generator": "Ninja",
            "binaryDir": "${sourceDir}/build/${presetName}"
        },
        {
            "name": "debug_GCC_NUCLEO-C562RE",
            "cacheVariables": {
                "CMAKE_BUILD_TYPE": "${presetName}",
                "CMSIS_Dtz": "NO_TZ",
                "CMSIS_Dendian": "little",
                "CMSIS_Ddsp": "NO_DSP",
                "CMSIS_Dname": "STM32C562RET6",
                "CMSIS_Bname": "",
                "CMSIS_Dvendor": "STMicroelectronics:13",
                "CMSIS_Dfpu": "NO_FPU",
                "CMSIS_Dsecure": "TZ-disabled",
                "CMSIS_Dcore": "Cortex-M33",
                "CMSIS_Tcompiler": "GCC",
                "CMSIS_USE_CMSIS_CORE_6_1_0": true,
                "CMSIS_USE_Device_STM32_HAL_CORTEX_0_2_0": true,
                "CMSIS_USE_Device_STM32_HAL_Core_0_2_0": true,
                "CMSIS_USE_Device_STM32_HAL_DMA_0_2_0": true,
                "CMSIS_USE_Device_STM32_HAL_EXTI_0_2_0": true,
                "CMSIS_USE_Device_STM32_HAL_FLASH_ITF_0_2_0": true,
                "CMSIS_USE_Device_STM32_HAL_GPIO_0_2_0": true,
                "CMSIS_USE_Device_STM32_HAL_ICACHE_0_1_0": true,
                "CMSIS_USE_Device_STM32_HAL_PWR_0_1_0": true,
                "CMSIS_USE_Device_STM32_HAL_Q_0_1_0": true,
                "CMSIS_USE_Device_STM32_HAL_RCC_0_1_0": true,
                "CMSIS_USE_Device_STM32_HAL_SBS_0_1_0": true,
                "CMSIS_USE_Device_STM32_HAL_UART_0_1_0": true,
                "CMSIS_USE_Device_STM32_HAL_timebases_SYSTICK_0_0_0": true,
                "CMSIS_USE_Device_STM32_LL_BUS_0_1_0": true,
                "CMSIS_USE_Device_STM32_LL_Common_0_1_0": true,
                "CMSIS_USE_Device_STM32_LL_DMA_0_1_0": true,
                "CMSIS_USE_Device_STM32_LL_EXTI_0_1_0": true,
                "CMSIS_USE_Device_STM32_LL_FLASH_0_1_0": true,
                "CMSIS_USE_Device_STM32_LL_GPIO_0_1_0": true,
                "CMSIS_USE_Device_STM32_LL_ICACHE_0_1_0": true,
                "CMSIS_USE_Device_STM32_LL_PWR_0_1_0": true,
                "CMSIS_USE_Device_STM32_LL_RCC_0_1_0": true,
                "CMSIS_USE_Device_STM32_LL_SBS_0_1_0": true,
                "CMSIS_USE_Device_STM32_LL_USART_0_1_0": true,
                "CMSIS_USE_Device_Startup_2_0_0_beta_1": true,
                "CMSIS_USE_Utility_syscalls_Template_syscalls_0_2_0": true,
                "CMSIS_USE_Device_STM32CubeMX2_Config_CORE_0_2_0": true,
                "CMSIS_USE_Device_STM32CubeMX2_Config_GPIO_0_2_0": true,
                "CMSIS_USE_Device_STM32CubeMX2_Config_Generated_Code_0_2_0": true,
                "CMSIS_USE_Device_STM32CubeMX2_Config_ICACHE_0_2_0": true,
                "CMSIS_USE_Device_STM32CubeMX2_Config_RCC_0_2_0": true,
                "CMSIS_USE_Device_STM32CubeMX2_Config_System_0_2_0": true,
                "CMSIS_USE_Device_STM32CubeMX2_Config_UART_0_2_0": true,
                "CMSIS_USE_Device_STM32CubeMX2_Config_def_0_2_0": true
            },
            "inherits": "default"
        }
    ],
    "buildPresets": [
        {
            "name": "default",
            "hidden": true,
            "configurePreset": "default"
        },
        {
            "name": "debug_GCC_NUCLEO-C562RE",
            "configurePreset": "debug_GCC_NUCLEO-C562RE"
        }
    ]
}
