{
  "version": 2,
  "description": {
    "instances": [
      {
        "channels": [
          {
            "entityType": "dma.channel",
            "features": {
              "g_addressing": {
                "block_size": false,
                "large_offset": false,
                "linear": true,
                "programmable2D": false
              },
              "g_fifo_size": 0,
              "g_linked_list": true,
              "g_per_ctrl": true,
              "g_transfers": {
                "burst": false,
                "single": true
              }
            },
            "name": "LPDMA1_CH0"
          },
          {
            "entityType": "dma.channel",
            "features": {
              "g_addressing": {
                "block_size": false,
                "large_offset": false,
                "linear": true,
                "programmable2D": false
              },
              "g_fifo_size": 0,
              "g_linked_list": true,
              "g_per_ctrl": false,
              "g_transfers": {
                "burst": false,
                "single": true
              }
            },
            "name": "LPDMA1_CH1"
          },
          {
            "entityType": "dma.channel",
            "features": {
              "g_addressing": {
                "block_size": false,
                "large_offset": false,
                "linear": true,
                "programmable2D": false
              },
              "g_fifo_size": 0,
              "g_linked_list": true,
              "g_per_ctrl": false,
              "g_transfers": {
                "burst": false,
                "single": true
              }
            },
            "name": "LPDMA1_CH2"
          },
          {
            "entityType": "dma.channel",
            "features": {
              "g_addressing": {
                "block_size": false,
                "large_offset": false,
                "linear": true,
                "programmable2D": false
              },
              "g_fifo_size": 0,
              "g_linked_list": true,
              "g_per_ctrl": false,
              "g_transfers": {
                "burst": false,
                "single": true
              }
            },
            "name": "LPDMA1_CH3"
          },
          {
            "entityType": "dma.channel",
            "features": {
              "g_addressing": {
                "block_size": false,
                "large_offset": false,
                "linear": true,
                "programmable2D": false
              },
              "g_fifo_size": 0,
              "g_linked_list": true,
              "g_per_ctrl": false,
              "g_transfers": {
                "burst": false,
                "single": true
              }
            },
            "name": "LPDMA1_CH4"
          },
          {
            "entityType": "dma.channel",
            "features": {
              "g_addressing": {
                "block_size": false,
                "large_offset": false,
                "linear": true,
                "programmable2D": false
              },
              "g_fifo_size": 0,
              "g_linked_list": true,
              "g_per_ctrl": false,
              "g_transfers": {
                "burst": false,
                "single": true
              }
            },
            "name": "LPDMA1_CH5"
          },
          {
            "entityType": "dma.channel",
            "features": {
              "g_addressing": {
                "block_size": false,
                "large_offset": false,
                "linear": true,
                "programmable2D": false
              },
              "g_fifo_size": 0,
              "g_linked_list": true,
              "g_per_ctrl": false,
              "g_transfers": {
                "burst": false,
                "single": true
              }
            },
            "name": "LPDMA1_CH6"
          },
          {
            "entityType": "dma.channel",
            "features": {
              "g_addressing": {
                "block_size": false,
                "large_offset": false,
                "linear": true,
                "programmable2D": false
              },
              "g_fifo_size": 0,
              "g_linked_list": true,
              "g_per_ctrl": true,
              "g_transfers": {
                "burst": false,
                "single": true
              }
            },
            "name": "LPDMA1_CH7"
          }
        ],
        "digitalName": "c7amba_dma3",
        "entityType": "peripheral",
        "features": {
          "g_cid_width": 1,
          "g_max_cid": 0,
          "g_max_req_id": 73,
          "g_max_trig_id": 31,
          "g_nonsec_optionreg": 0,
          "g_num_channels": 8,
          "g_num_resync_ffs": 2,
          "g_privilege": true,
          "g_sec_optionreg": 0,
          "g_trustzone": false
        },
        "master_ports": [
          {
            "data_width": 32,
            "id": 1,
            "name": "AHB5",
            "type": "AHB"
          }
        ],
        "name": "LPDMA1",
        "peripheralType": "dma"
      },
      {
        "channels": [
          {
            "entityType": "dma.channel",
            "features": {
              "g_addressing": {
                "block_size": false,
                "large_offset": false,
                "linear": true,
                "programmable2D": false
              },
              "g_fifo_size": 0,
              "g_linked_list": true,
              "g_per_ctrl": true,
              "g_transfers": {
                "burst": false,
                "single": true
              }
            },
            "name": "LPDMA2_CH0"
          },
          {
            "entityType": "dma.channel",
            "features": {
              "g_addressing": {
                "block_size": false,
                "large_offset": false,
                "linear": true,
                "programmable2D": false
              },
              "g_fifo_size": 0,
              "g_linked_list": true,
              "g_per_ctrl": false,
              "g_transfers": {
                "burst": false,
                "single": true
              }
            },
            "name": "LPDMA2_CH1"
          },
          {
            "entityType": "dma.channel",
            "features": {
              "g_addressing": {
                "block_size": false,
                "large_offset": false,
                "linear": true,
                "programmable2D": false
              },
              "g_fifo_size": 0,
              "g_linked_list": true,
              "g_per_ctrl": false,
              "g_transfers": {
                "burst": false,
                "single": true
              }
            },
            "name": "LPDMA2_CH2"
          },
          {
            "entityType": "dma.channel",
            "features": {
              "g_addressing": {
                "block_size": false,
                "large_offset": false,
                "linear": true,
                "programmable2D": false
              },
              "g_fifo_size": 0,
              "g_linked_list": true,
              "g_per_ctrl": true,
              "g_transfers": {
                "burst": false,
                "single": true
              }
            },
            "name": "LPDMA2_CH3"
          }
        ],
        "digitalName": "c7amba_dma3",
        "entityType": "peripheral",
        "features": {
          "g_cid_width": 1,
          "g_max_cid": 0,
          "g_max_req_id": 73,
          "g_max_trig_id": 31,
          "g_nonsec_optionreg": 0,
          "g_num_channels": 4,
          "g_num_resync_ffs": 2,
          "g_privilege": true,
          "g_sec_optionreg": 0,
          "g_trustzone": false
        },
        "master_ports": [
          {
            "data_width": 32,
            "id": 1,
            "name": "AHB5",
            "type": "AHB"
          }
        ],
        "name": "LPDMA2",
        "peripheralType": "dma"
      }
    ],
    "interconnect": [
      {
        "dmaInstance": "LPDMA1",
        "event": "adc1_dma",
        "instance": "ADC1",
        "signal_id": "GLOBAL",
        "type": "request"
      },
      {
        "dmaInstance": "LPDMA1",
        "event": "adc2_dma",
        "instance": "ADC2",
        "signal_id": "GLOBAL",
        "type": "request"
      },
      {
        "dmaInstance": "LPDMA1",
        "event": "tim6_upd_dma",
        "instance": "TIM6",
        "signal_id": "upd",
        "type": "request"
      },
      {
        "dmaInstance": "LPDMA1",
        "event": "tim7_upd_dma",
        "instance": "TIM7",
        "signal_id": "upd",
        "type": "request"
      },
      {
        "dmaInstance": "LPDMA1",
        "event": "spi1_rx_dma",
        "instance": "SPI1",
        "signal_id": "rx",
        "type": "request"
      },
      {
        "dmaInstance": "LPDMA1",
        "event": "spi1_tx_dma",
        "instance": "SPI1",
        "signal_id": "tx",
        "type": "request"
      },
      {
        "dmaInstance": "LPDMA1",
        "event": "spi2_rx_dma",
        "instance": "SPI2",
        "signal_id": "rx",
        "type": "request"
      },
      {
        "dmaInstance": "LPDMA1",
        "event": "spi2_tx_dma",
        "instance": "SPI2",
        "signal_id": "tx",
        "type": "request"
      },
      {
        "dmaInstance": "LPDMA1",
        "event": "spi3_rx_dma",
        "instance": "SPI3",
        "signal_id": "rx",
        "type": "request"
      },
      {
        "dmaInstance": "LPDMA1",
        "event": "spi3_tx_dma",
        "instance": "SPI3",
        "signal_id": "tx",
        "type": "request"
      },
      {
        "dmaInstance": "LPDMA1",
        "event": "i2c1_rx_dma",
        "instance": "I2C1",
        "signal_id": "rx",
        "type": "request"
      },
      {
        "dmaInstance": "LPDMA1",
        "event": "i2c1_tx_dma",
        "instance": "I2C1",
        "signal_id": "tx",
        "type": "request"
      },
      {
        "dmaInstance": "LPDMA1",
        "event": "usart1_rx_dma",
        "instance": "USART1",
        "signal_id": "rx",
        "type": "request"
      },
      {
        "dmaInstance": "LPDMA1",
        "event": "usart1_tx_dma",
        "instance": "USART1",
        "signal_id": "tx",
        "type": "request"
      },
      {
        "dmaInstance": "LPDMA1",
        "event": "usart2_rx_dma",
        "instance": "USART2",
        "signal_id": "rx",
        "type": "request"
      },
      {
        "dmaInstance": "LPDMA1",
        "event": "usart2_tx_dma",
        "instance": "USART2",
        "signal_id": "tx",
        "type": "request"
      },
      {
        "dmaInstance": "LPDMA1",
        "event": "usart3_rx_dma",
        "instance": "USART3",
        "signal_id": "rx",
        "type": "request"
      },
      {
        "dmaInstance": "LPDMA1",
        "event": "usart3_tx_dma",
        "instance": "USART3",
        "signal_id": "tx",
        "type": "request"
      },
      {
        "dmaInstance": "LPDMA1",
        "event": "uart4_rx_dma",
        "instance": "UART4",
        "signal_id": "rx",
        "type": "request"
      },
      {
        "dmaInstance": "LPDMA1",
        "event": "uart4_tx_dma",
        "instance": "UART4",
        "signal_id": "tx",
        "type": "request"
      },
      {
        "dmaInstance": "LPDMA1",
        "event": "uart5_rx_dma",
        "instance": "UART5",
        "signal_id": "rx",
        "type": "request"
      },
      {
        "dmaInstance": "LPDMA1",
        "event": "uart5_tx_dma",
        "instance": "UART5",
        "signal_id": "tx",
        "type": "request"
      },
      {
        "dmaInstance": "LPDMA1",
        "event": "lpuart1_rx_dma",
        "instance": "LPUART1",
        "signal_id": "rx",
        "type": "request"
      },
      {
        "dmaInstance": "LPDMA1",
        "event": "lpuart1_tx_dma",
        "instance": "LPUART1",
        "signal_id": "tx",
        "type": "request"
      },
      {
        "dmaInstance": "LPDMA1",
        "event": "tim1_cc1_dma",
        "instance": "TIM1",
        "signal_id": "cc1",
        "type": "request"
      },
      {
        "dmaInstance": "LPDMA1",
        "event": "tim1_cc2_dma",
        "instance": "TIM1",
        "signal_id": "cc2",
        "type": "request"
      },
      {
        "dmaInstance": "LPDMA1",
        "event": "tim1_cc3_dma",
        "instance": "TIM1",
        "signal_id": "cc3",
        "type": "request"
      },
      {
        "dmaInstance": "LPDMA1",
        "event": "tim1_cc4_dma",
        "instance": "TIM1",
        "signal_id": "cc4",
        "type": "request"
      },
      {
        "dmaInstance": "LPDMA1",
        "event": "tim1_upd_dma",
        "instance": "TIM1",
        "signal_id": "upd",
        "type": "request"
      },
      {
        "dmaInstance": "LPDMA1",
        "event": "tim1_trgi_dma",
        "instance": "TIM1",
        "signal_id": "trgi",
        "type": "request"
      },
      {
        "dmaInstance": "LPDMA1",
        "event": "tim1_com_dma",
        "instance": "TIM1",
        "signal_id": "com",
        "type": "request"
      },
      {
        "dmaInstance": "LPDMA1",
        "event": "tim2_cc1_dma",
        "instance": "TIM2",
        "signal_id": "cc1",
        "type": "request"
      },
      {
        "dmaInstance": "LPDMA1",
        "event": "tim2_cc2_dma",
        "instance": "TIM2",
        "signal_id": "cc2",
        "type": "request"
      },
      {
        "dmaInstance": "LPDMA1",
        "event": "tim2_cc3_dma",
        "instance": "TIM2",
        "signal_id": "cc3",
        "type": "request"
      },
      {
        "dmaInstance": "LPDMA1",
        "event": "tim2_cc4_dma",
        "instance": "TIM2",
        "signal_id": "cc4",
        "type": "request"
      },
      {
        "dmaInstance": "LPDMA1",
        "event": "tim2_upd_dma",
        "instance": "TIM2",
        "signal_id": "upd",
        "type": "request"
      },
      {
        "dmaInstance": "LPDMA1",
        "event": "tim2_trgi_dma",
        "instance": "TIM2",
        "signal_id": "trgi",
        "type": "request"
      },
      {
        "dmaInstance": "LPDMA1",
        "event": "tim5_cc1_dma",
        "instance": "TIM5",
        "signal_id": "cc1",
        "type": "request"
      },
      {
        "dmaInstance": "LPDMA1",
        "event": "tim5_cc2_dma",
        "instance": "TIM5",
        "signal_id": "cc2",
        "type": "request"
      },
      {
        "dmaInstance": "LPDMA1",
        "event": "tim5_cc3_dma",
        "instance": "TIM5",
        "signal_id": "cc3",
        "type": "request"
      },
      {
        "dmaInstance": "LPDMA1",
        "event": "tim5_cc4_dma",
        "instance": "TIM5",
        "signal_id": "cc4",
        "type": "request"
      },
      {
        "dmaInstance": "LPDMA1",
        "event": "tim5_upd_dma",
        "instance": "TIM5",
        "signal_id": "upd",
        "type": "request"
      },
      {
        "dmaInstance": "LPDMA1",
        "event": "tim5_trgi_dma",
        "instance": "TIM5",
        "signal_id": "trgi",
        "type": "request"
      },
      {
        "dmaInstance": "LPDMA1",
        "event": "tim15_cc1_dma",
        "instance": "TIM15",
        "signal_id": "cc1",
        "type": "request"
      },
      {
        "dmaInstance": "LPDMA1",
        "event": "tim15_cc2_dma",
        "instance": "TIM15",
        "signal_id": "cc2",
        "type": "request"
      },
      {
        "dmaInstance": "LPDMA1",
        "event": "tim15_upd_dma",
        "instance": "TIM15",
        "signal_id": "upd",
        "type": "request"
      },
      {
        "dmaInstance": "LPDMA1",
        "event": "tim15_trgi_dma",
        "instance": "TIM15",
        "signal_id": "trgi",
        "type": "request"
      },
      {
        "dmaInstance": "LPDMA1",
        "event": "tim15_com_dma",
        "instance": "TIM15",
        "signal_id": "com",
        "type": "request"
      },
      {
        "dmaInstance": "LPDMA1",
        "event": "tim16_cc1_dma",
        "instance": "TIM16",
        "signal_id": "cc1",
        "type": "request"
      },
      {
        "dmaInstance": "LPDMA1",
        "event": "tim16_upd_dma",
        "instance": "TIM16",
        "signal_id": "upd",
        "type": "request"
      },
      {
        "dmaInstance": "LPDMA1",
        "event": "tim17_cc1_dma",
        "instance": "TIM17",
        "signal_id": "cc1",
        "type": "request"
      },
      {
        "dmaInstance": "LPDMA1",
        "event": "tim17_upd_dma",
        "instance": "TIM17",
        "signal_id": "upd",
        "type": "request"
      },
      {
        "dmaInstance": "LPDMA1",
        "event": "lptim1_ic1_dma",
        "instance": "LPTIM1",
        "signal_id": "ic1",
        "type": "request"
      },
      {
        "dmaInstance": "LPDMA1",
        "event": "lptim1_ic2_dma",
        "instance": "LPTIM1",
        "signal_id": "ic2",
        "type": "request"
      },
      {
        "dmaInstance": "LPDMA1",
        "event": "lptim1_ue_dma",
        "instance": "LPTIM1",
        "signal_id": "ue",
        "type": "request"
      },
      {
        "dmaInstance": "LPDMA1",
        "event": "cordic_rd_dma",
        "instance": "CORDIC",
        "signal_id": "rd",
        "type": "request"
      },
      {
        "dmaInstance": "LPDMA1",
        "event": "cordic_wr_dma",
        "instance": "CORDIC",
        "signal_id": "wr",
        "type": "request"
      },
      {
        "dmaInstance": "LPDMA1",
        "event": "i3c1_rx_dma",
        "instance": "I3C1",
        "signal_id": "rx",
        "type": "request"
      },
      {
        "dmaInstance": "LPDMA1",
        "event": "i3c1_tx_dma",
        "instance": "I3C1",
        "signal_id": "tx",
        "type": "request"
      },
      {
        "dmaInstance": "LPDMA1",
        "event": "i3c1_tc_dma",
        "instance": "I3C1",
        "signal_id": "tc",
        "type": "request"
      },
      {
        "dmaInstance": "LPDMA1",
        "event": "i3c1_rs_dma",
        "instance": "I3C1",
        "signal_id": "rs",
        "type": "request"
      },
      {
        "dmaInstance": "LPDMA1",
        "event": "aes_in_dma",
        "instance": "AES",
        "signal_id": "in",
        "type": "request"
      },
      {
        "dmaInstance": "LPDMA1",
        "event": "aes_out_dma",
        "instance": "AES",
        "signal_id": "out",
        "type": "request"
      },
      {
        "dmaInstance": "LPDMA1",
        "event": "hash_in_dma",
        "instance": "HASH",
        "signal_id": "in",
        "type": "request"
      },
      {
        "dmaInstance": "LPDMA1",
        "event": "i2c2_rx_dma",
        "instance": "I2C2",
        "signal_id": "rx",
        "type": "request"
      },
      {
        "dmaInstance": "LPDMA1",
        "event": "i2c2_tx_dma",
        "instance": "I2C2",
        "signal_id": "tx",
        "type": "request"
      },
      {
        "dmaInstance": "LPDMA1",
        "event": "tim8_cc1_dma",
        "instance": "TIM8",
        "signal_id": "cc1",
        "type": "request"
      },
      {
        "dmaInstance": "LPDMA1",
        "event": "tim8_cc2_dma",
        "instance": "TIM8",
        "signal_id": "cc2",
        "type": "request"
      },
      {
        "dmaInstance": "LPDMA1",
        "event": "tim8_cc3_dma",
        "instance": "TIM8",
        "signal_id": "cc3",
        "type": "request"
      },
      {
        "dmaInstance": "LPDMA1",
        "event": "tim8_cc4_dma",
        "instance": "TIM8",
        "signal_id": "cc4",
        "type": "request"
      },
      {
        "dmaInstance": "LPDMA1",
        "event": "tim8_upd_dma",
        "instance": "TIM8",
        "signal_id": "upd",
        "type": "request"
      },
      {
        "dmaInstance": "LPDMA1",
        "event": "tim8_trgi_dma",
        "instance": "TIM8",
        "signal_id": "trgi",
        "type": "request"
      },
      {
        "dmaInstance": "LPDMA1",
        "event": "tim8_com_dma",
        "instance": "TIM8",
        "signal_id": "com",
        "type": "request"
      },
      {
        "dmaInstance": "LPDMA1",
        "event": "dac1_ch1_dma",
        "instance": "DAC1",
        "signal_id": "ch1",
        "type": "request"
      },
      {
        "dmaInstance": "LPDMA1",
        "event": "exti0",
        "instance": "EXTI",
        "signal_id": "exti0",
        "type": "trigger"
      },
      {
        "dmaInstance": "LPDMA1",
        "event": "exti1",
        "instance": "EXTI",
        "signal_id": "exti1",
        "type": "trigger"
      },
      {
        "dmaInstance": "LPDMA1",
        "event": "exti2",
        "instance": "EXTI",
        "signal_id": "exti2",
        "type": "trigger"
      },
      {
        "dmaInstance": "LPDMA1",
        "event": "exti3",
        "instance": "EXTI",
        "signal_id": "exti3",
        "type": "trigger"
      },
      {
        "dmaInstance": "LPDMA1",
        "event": "exti4",
        "instance": "EXTI",
        "signal_id": "exti4",
        "type": "trigger"
      },
      {
        "dmaInstance": "LPDMA1",
        "event": "exti5",
        "instance": "EXTI",
        "signal_id": "exti5",
        "type": "trigger"
      },
      {
        "dmaInstance": "LPDMA1",
        "event": "exti6",
        "instance": "EXTI",
        "signal_id": "exti6",
        "type": "trigger"
      },
      {
        "dmaInstance": "LPDMA1",
        "event": "exti7",
        "instance": "EXTI",
        "signal_id": "exti7",
        "type": "trigger"
      },
      {
        "dmaInstance": "LPDMA1",
        "event": "tamp_trg1",
        "instance": "TAMP",
        "signal_id": "trg1",
        "type": "trigger"
      },
      {
        "dmaInstance": "LPDMA1",
        "event": "tamp_trg2",
        "instance": "TAMP",
        "signal_id": "trg2",
        "type": "trigger"
      },
      {
        "dmaInstance": "LPDMA1",
        "event": "tamp_trg3",
        "instance": "TAMP",
        "signal_id": "trg3",
        "type": "trigger"
      },
      {
        "dmaInstance": "LPDMA1",
        "event": "lptim1_ch1",
        "instance": "LPTIM1",
        "signal_id": "ch1",
        "type": "trigger"
      },
      {
        "dmaInstance": "LPDMA1",
        "event": "lptim1_ch2",
        "instance": "LPTIM1",
        "signal_id": "ch2",
        "type": "trigger"
      },
      {
        "dmaInstance": "LPDMA1",
        "event": "rtc_alra_trg",
        "instance": "RTC",
        "signal_id": "alra",
        "type": "trigger"
      },
      {
        "dmaInstance": "LPDMA1",
        "event": "rtc_alrb_trg",
        "instance": "RTC",
        "signal_id": "alrb",
        "type": "trigger"
      },
      {
        "dmaInstance": "LPDMA1",
        "event": "rtc_wut_trg",
        "instance": "RTC",
        "signal_id": "wut",
        "type": "trigger"
      },
      {
        "dmaInstance": "LPDMA1",
        "event": "tim2_trgo",
        "instance": "TIM2",
        "signal_id": "trgo",
        "type": "trigger"
      },
      {
        "dmaInstance": "LPDMA1",
        "event": "tim15_trgo",
        "instance": "TIM15",
        "signal_id": "trgo",
        "type": "trigger"
      },
      {
        "dmaInstance": "LPDMA1",
        "event": "comp1_out",
        "instance": "COMP1",
        "type": "trigger"
      },
      {
        "dmaInstance": "LPDMA1",
        "event": "eventout",
        "instance": "EVENTOUT",
        "type": "trigger"
      },
      {
        "dmaInstance": "LPDMA1",
        "event": "lpdma1_ch0_tc",
        "instance": "LPDMA1",
        "signal_id": "ch0_tc",
        "type": "trigger"
      },
      {
        "dmaInstance": "LPDMA1",
        "event": "lpdma1_ch1_tc",
        "instance": "LPDMA1",
        "signal_id": "ch1_tc",
        "type": "trigger"
      },
      {
        "dmaInstance": "LPDMA1",
        "event": "lpdma1_ch2_tc",
        "instance": "LPDMA1",
        "signal_id": "ch2_tc",
        "type": "trigger"
      },
      {
        "dmaInstance": "LPDMA1",
        "event": "lpdma1_ch3_tc",
        "instance": "LPDMA1",
        "signal_id": "ch3_tc",
        "type": "trigger"
      },
      {
        "dmaInstance": "LPDMA1",
        "event": "lpdma1_ch4_tc",
        "instance": "LPDMA1",
        "signal_id": "ch4_tc",
        "type": "trigger"
      },
      {
        "dmaInstance": "LPDMA1",
        "event": "lpdma1_ch5_tc",
        "instance": "LPDMA1",
        "signal_id": "ch5_tc",
        "type": "trigger"
      },
      {
        "dmaInstance": "LPDMA1",
        "event": "lpdma1_ch6_tc",
        "instance": "LPDMA1",
        "signal_id": "ch6_tc",
        "type": "trigger"
      },
      {
        "dmaInstance": "LPDMA1",
        "event": "lpdma1_ch7_tc",
        "instance": "LPDMA1",
        "signal_id": "ch7_tc",
        "type": "trigger"
      },
      {
        "dmaInstance": "LPDMA1",
        "event": "lpdma2_ch0_tc",
        "instance": "LPDMA2",
        "signal_id": "ch0_tc",
        "type": "trigger"
      },
      {
        "dmaInstance": "LPDMA1",
        "event": "lpdma2_ch1_tc",
        "instance": "LPDMA2",
        "signal_id": "ch1_tc",
        "type": "trigger"
      },
      {
        "dmaInstance": "LPDMA1",
        "event": "lpdma2_ch2_tc",
        "instance": "LPDMA2",
        "signal_id": "ch2_tc",
        "type": "trigger"
      },
      {
        "dmaInstance": "LPDMA1",
        "event": "lpdma2_ch3_tc",
        "instance": "LPDMA2",
        "signal_id": "ch3_tc",
        "type": "trigger"
      },
      {
        "dmaInstance": "LPDMA2",
        "event": "adc1_dma",
        "instance": "ADC1",
        "signal_id": "GLOBAL",
        "type": "request"
      },
      {
        "dmaInstance": "LPDMA2",
        "event": "adc2_dma",
        "instance": "ADC2",
        "signal_id": "GLOBAL",
        "type": "request"
      },
      {
        "dmaInstance": "LPDMA2",
        "event": "tim6_upd_dma",
        "instance": "TIM6",
        "signal_id": "upd",
        "type": "request"
      },
      {
        "dmaInstance": "LPDMA2",
        "event": "tim7_upd_dma",
        "instance": "TIM7",
        "signal_id": "upd",
        "type": "request"
      },
      {
        "dmaInstance": "LPDMA2",
        "event": "spi1_rx_dma",
        "instance": "SPI1",
        "signal_id": "rx",
        "type": "request"
      },
      {
        "dmaInstance": "LPDMA2",
        "event": "spi1_tx_dma",
        "instance": "SPI1",
        "signal_id": "tx",
        "type": "request"
      },
      {
        "dmaInstance": "LPDMA2",
        "event": "spi2_rx_dma",
        "instance": "SPI2",
        "signal_id": "rx",
        "type": "request"
      },
      {
        "dmaInstance": "LPDMA2",
        "event": "spi2_tx_dma",
        "instance": "SPI2",
        "signal_id": "tx",
        "type": "request"
      },
      {
        "dmaInstance": "LPDMA2",
        "event": "spi3_rx_dma",
        "instance": "SPI3",
        "signal_id": "rx",
        "type": "request"
      },
      {
        "dmaInstance": "LPDMA2",
        "event": "spi3_tx_dma",
        "instance": "SPI3",
        "signal_id": "tx",
        "type": "request"
      },
      {
        "dmaInstance": "LPDMA2",
        "event": "i2c1_rx_dma",
        "instance": "I2C1",
        "signal_id": "rx",
        "type": "request"
      },
      {
        "dmaInstance": "LPDMA2",
        "event": "i2c1_tx_dma",
        "instance": "I2C1",
        "signal_id": "tx",
        "type": "request"
      },
      {
        "dmaInstance": "LPDMA2",
        "event": "usart1_rx_dma",
        "instance": "USART1",
        "signal_id": "rx",
        "type": "request"
      },
      {
        "dmaInstance": "LPDMA2",
        "event": "usart1_tx_dma",
        "instance": "USART1",
        "signal_id": "tx",
        "type": "request"
      },
      {
        "dmaInstance": "LPDMA2",
        "event": "usart2_rx_dma",
        "instance": "USART2",
        "signal_id": "rx",
        "type": "request"
      },
      {
        "dmaInstance": "LPDMA2",
        "event": "usart2_tx_dma",
        "instance": "USART2",
        "signal_id": "tx",
        "type": "request"
      },
      {
        "dmaInstance": "LPDMA2",
        "event": "usart3_rx_dma",
        "instance": "USART3",
        "signal_id": "rx",
        "type": "request"
      },
      {
        "dmaInstance": "LPDMA2",
        "event": "usart3_tx_dma",
        "instance": "USART3",
        "signal_id": "tx",
        "type": "request"
      },
      {
        "dmaInstance": "LPDMA2",
        "event": "uart4_rx_dma",
        "instance": "UART4",
        "signal_id": "rx",
        "type": "request"
      },
      {
        "dmaInstance": "LPDMA2",
        "event": "uart4_tx_dma",
        "instance": "UART4",
        "signal_id": "tx",
        "type": "request"
      },
      {
        "dmaInstance": "LPDMA2",
        "event": "uart5_rx_dma",
        "instance": "UART5",
        "signal_id": "rx",
        "type": "request"
      },
      {
        "dmaInstance": "LPDMA2",
        "event": "uart5_tx_dma",
        "instance": "UART5",
        "signal_id": "tx",
        "type": "request"
      },
      {
        "dmaInstance": "LPDMA2",
        "event": "lpuart1_rx_dma",
        "instance": "LPUART1",
        "signal_id": "rx",
        "type": "request"
      },
      {
        "dmaInstance": "LPDMA2",
        "event": "lpuart1_tx_dma",
        "instance": "LPUART1",
        "signal_id": "tx",
        "type": "request"
      },
      {
        "dmaInstance": "LPDMA2",
        "event": "tim1_cc1_dma",
        "instance": "TIM1",
        "signal_id": "cc1",
        "type": "request"
      },
      {
        "dmaInstance": "LPDMA2",
        "event": "tim1_cc2_dma",
        "instance": "TIM1",
        "signal_id": "cc2",
        "type": "request"
      },
      {
        "dmaInstance": "LPDMA2",
        "event": "tim1_cc3_dma",
        "instance": "TIM1",
        "signal_id": "cc3",
        "type": "request"
      },
      {
        "dmaInstance": "LPDMA2",
        "event": "tim1_cc4_dma",
        "instance": "TIM1",
        "signal_id": "cc4",
        "type": "request"
      },
      {
        "dmaInstance": "LPDMA2",
        "event": "tim1_upd_dma",
        "instance": "TIM1",
        "signal_id": "upd",
        "type": "request"
      },
      {
        "dmaInstance": "LPDMA2",
        "event": "tim1_trgi_dma",
        "instance": "TIM1",
        "signal_id": "trgi",
        "type": "request"
      },
      {
        "dmaInstance": "LPDMA2",
        "event": "tim1_com_dma",
        "instance": "TIM1",
        "signal_id": "com",
        "type": "request"
      },
      {
        "dmaInstance": "LPDMA2",
        "event": "tim2_cc1_dma",
        "instance": "TIM2",
        "signal_id": "cc1",
        "type": "request"
      },
      {
        "dmaInstance": "LPDMA2",
        "event": "tim2_cc2_dma",
        "instance": "TIM2",
        "signal_id": "cc2",
        "type": "request"
      },
      {
        "dmaInstance": "LPDMA2",
        "event": "tim2_cc3_dma",
        "instance": "TIM2",
        "signal_id": "cc3",
        "type": "request"
      },
      {
        "dmaInstance": "LPDMA2",
        "event": "tim2_cc4_dma",
        "instance": "TIM2",
        "signal_id": "cc4",
        "type": "request"
      },
      {
        "dmaInstance": "LPDMA2",
        "event": "tim2_upd_dma",
        "instance": "TIM2",
        "signal_id": "upd",
        "type": "request"
      },
      {
        "dmaInstance": "LPDMA2",
        "event": "tim2_trgi_dma",
        "instance": "TIM2",
        "signal_id": "trgi",
        "type": "request"
      },
      {
        "dmaInstance": "LPDMA2",
        "event": "tim5_cc1_dma",
        "instance": "TIM5",
        "signal_id": "cc1",
        "type": "request"
      },
      {
        "dmaInstance": "LPDMA2",
        "event": "tim5_cc2_dma",
        "instance": "TIM5",
        "signal_id": "cc2",
        "type": "request"
      },
      {
        "dmaInstance": "LPDMA2",
        "event": "tim5_cc3_dma",
        "instance": "TIM5",
        "signal_id": "cc3",
        "type": "request"
      },
      {
        "dmaInstance": "LPDMA2",
        "event": "tim5_cc4_dma",
        "instance": "TIM5",
        "signal_id": "cc4",
        "type": "request"
      },
      {
        "dmaInstance": "LPDMA2",
        "event": "tim5_upd_dma",
        "instance": "TIM5",
        "signal_id": "upd",
        "type": "request"
      },
      {
        "dmaInstance": "LPDMA2",
        "event": "tim5_trgi_dma",
        "instance": "TIM5",
        "signal_id": "trgi",
        "type": "request"
      },
      {
        "dmaInstance": "LPDMA2",
        "event": "tim15_cc1_dma",
        "instance": "TIM15",
        "signal_id": "cc1",
        "type": "request"
      },
      {
        "dmaInstance": "LPDMA2",
        "event": "tim15_cc2_dma",
        "instance": "TIM15",
        "signal_id": "cc2",
        "type": "request"
      },
      {
        "dmaInstance": "LPDMA2",
        "event": "tim15_upd_dma",
        "instance": "TIM15",
        "signal_id": "upd",
        "type": "request"
      },
      {
        "dmaInstance": "LPDMA2",
        "event": "tim15_trgi_dma",
        "instance": "TIM15",
        "signal_id": "trgi",
        "type": "request"
      },
      {
        "dmaInstance": "LPDMA2",
        "event": "tim15_com_dma",
        "instance": "TIM15",
        "signal_id": "com",
        "type": "request"
      },
      {
        "dmaInstance": "LPDMA2",
        "event": "tim16_cc1_dma",
        "instance": "TIM16",
        "signal_id": "cc1",
        "type": "request"
      },
      {
        "dmaInstance": "LPDMA2",
        "event": "tim16_upd_dma",
        "instance": "TIM16",
        "signal_id": "upd",
        "type": "request"
      },
      {
        "dmaInstance": "LPDMA2",
        "event": "tim17_cc1_dma",
        "instance": "TIM17",
        "signal_id": "cc1",
        "type": "request"
      },
      {
        "dmaInstance": "LPDMA2",
        "event": "tim17_upd_dma",
        "instance": "TIM17",
        "signal_id": "upd",
        "type": "request"
      },
      {
        "dmaInstance": "LPDMA2",
        "event": "lptim1_ic1_dma",
        "instance": "LPTIM1",
        "signal_id": "ic1",
        "type": "request"
      },
      {
        "dmaInstance": "LPDMA2",
        "event": "lptim1_ic2_dma",
        "instance": "LPTIM1",
        "signal_id": "ic2",
        "type": "request"
      },
      {
        "dmaInstance": "LPDMA2",
        "event": "lptim1_ue_dma",
        "instance": "LPTIM1",
        "signal_id": "ue",
        "type": "request"
      },
      {
        "dmaInstance": "LPDMA2",
        "event": "cordic_rd_dma",
        "instance": "CORDIC",
        "signal_id": "rd",
        "type": "request"
      },
      {
        "dmaInstance": "LPDMA2",
        "event": "cordic_wr_dma",
        "instance": "CORDIC",
        "signal_id": "wr",
        "type": "request"
      },
      {
        "dmaInstance": "LPDMA2",
        "event": "i3c1_rx_dma",
        "instance": "I3C1",
        "signal_id": "rx",
        "type": "request"
      },
      {
        "dmaInstance": "LPDMA2",
        "event": "i3c1_tx_dma",
        "instance": "I3C1",
        "signal_id": "tx",
        "type": "request"
      },
      {
        "dmaInstance": "LPDMA2",
        "event": "i3c1_tc_dma",
        "instance": "I3C1",
        "signal_id": "tc",
        "type": "request"
      },
      {
        "dmaInstance": "LPDMA2",
        "event": "i3c1_rs_dma",
        "instance": "I3C1",
        "signal_id": "rs",
        "type": "request"
      },
      {
        "dmaInstance": "LPDMA2",
        "event": "aes_out_dma",
        "instance": "AES",
        "signal_id": "out",
        "type": "request"
      },
      {
        "dmaInstance": "LPDMA2",
        "event": "aes_in_dma",
        "instance": "AES",
        "signal_id": "in",
        "type": "request"
      },
      {
        "dmaInstance": "LPDMA2",
        "event": "hash_in_dma",
        "instance": "HASH",
        "signal_id": "in",
        "type": "request"
      },
      {
        "dmaInstance": "LPDMA2",
        "event": "i2c2_rx_dma",
        "instance": "I2C2",
        "signal_id": "rx",
        "type": "request"
      },
      {
        "dmaInstance": "LPDMA2",
        "event": "i2c2_tx_dma",
        "instance": "I2C2",
        "signal_id": "tx",
        "type": "request"
      },
      {
        "dmaInstance": "LPDMA2",
        "event": "tim8_cc1_dma",
        "instance": "TIM8",
        "signal_id": "cc1",
        "type": "request"
      },
      {
        "dmaInstance": "LPDMA2",
        "event": "tim8_cc2_dma",
        "instance": "TIM8",
        "signal_id": "cc2",
        "type": "request"
      },
      {
        "dmaInstance": "LPDMA2",
        "event": "tim8_cc3_dma",
        "instance": "TIM8",
        "signal_id": "cc3",
        "type": "request"
      },
      {
        "dmaInstance": "LPDMA2",
        "event": "tim8_cc4_dma",
        "instance": "TIM8",
        "signal_id": "cc4",
        "type": "request"
      },
      {
        "dmaInstance": "LPDMA2",
        "event": "tim8_upd_dma",
        "instance": "TIM8",
        "signal_id": "upd",
        "type": "request"
      },
      {
        "dmaInstance": "LPDMA2",
        "event": "tim8_trgi_dma",
        "instance": "TIM8",
        "signal_id": "trgi",
        "type": "request"
      },
      {
        "dmaInstance": "LPDMA2",
        "event": "tim8_com_dma",
        "instance": "TIM8",
        "signal_id": "com",
        "type": "request"
      },
      {
        "dmaInstance": "LPDMA2",
        "event": "dac1_ch1_dma",
        "instance": "DAC1",
        "signal_id": "ch1",
        "type": "request"
      },
      {
        "dmaInstance": "LPDMA2",
        "event": "exti0",
        "instance": "EXTI",
        "signal_id": "exti0",
        "type": "trigger"
      },
      {
        "dmaInstance": "LPDMA2",
        "event": "exti1",
        "instance": "EXTI",
        "signal_id": "exti1",
        "type": "trigger"
      },
      {
        "dmaInstance": "LPDMA2",
        "event": "exti2",
        "instance": "EXTI",
        "signal_id": "exti2",
        "type": "trigger"
      },
      {
        "dmaInstance": "LPDMA2",
        "event": "exti3",
        "instance": "EXTI",
        "signal_id": "exti3",
        "type": "trigger"
      },
      {
        "dmaInstance": "LPDMA2",
        "event": "exti4",
        "instance": "EXTI",
        "signal_id": "exti4",
        "type": "trigger"
      },
      {
        "dmaInstance": "LPDMA2",
        "event": "exti5",
        "instance": "EXTI",
        "signal_id": "exti5",
        "type": "trigger"
      },
      {
        "dmaInstance": "LPDMA2",
        "event": "exti6",
        "instance": "EXTI",
        "signal_id": "exti6",
        "type": "trigger"
      },
      {
        "dmaInstance": "LPDMA2",
        "event": "exti7",
        "instance": "EXTI",
        "signal_id": "exti7",
        "type": "trigger"
      },
      {
        "dmaInstance": "LPDMA2",
        "event": "tamp_trg1",
        "instance": "TAMP",
        "signal_id": "trg1",
        "type": "trigger"
      },
      {
        "dmaInstance": "LPDMA2",
        "event": "tamp_trg2",
        "instance": "TAMP",
        "signal_id": "trg2",
        "type": "trigger"
      },
      {
        "dmaInstance": "LPDMA2",
        "event": "tamp_trg3",
        "instance": "TAMP",
        "signal_id": "trg3",
        "type": "trigger"
      },
      {
        "dmaInstance": "LPDMA2",
        "event": "lptim1_ch1",
        "instance": "LPTIM1",
        "signal_id": "ch1",
        "type": "trigger"
      },
      {
        "dmaInstance": "LPDMA2",
        "event": "lptim1_ch2",
        "instance": "LPTIM1",
        "signal_id": "ch2",
        "type": "trigger"
      },
      {
        "dmaInstance": "LPDMA2",
        "event": "rtc_alra_trg",
        "instance": "RTC",
        "signal_id": "alra",
        "type": "trigger"
      },
      {
        "dmaInstance": "LPDMA2",
        "event": "rtc_alrb_trg",
        "instance": "RTC",
        "signal_id": "alrb",
        "type": "trigger"
      },
      {
        "dmaInstance": "LPDMA2",
        "event": "rtc_wut_trg",
        "instance": "RTC",
        "signal_id": "wut",
        "type": "trigger"
      },
      {
        "dmaInstance": "LPDMA2",
        "event": "tim2_trgo",
        "instance": "TIM2",
        "signal_id": "trgo",
        "type": "trigger"
      },
      {
        "dmaInstance": "LPDMA2",
        "event": "tim15_trgo",
        "instance": "TIM15",
        "signal_id": "trgo",
        "type": "trigger"
      },
      {
        "dmaInstance": "LPDMA2",
        "event": "comp1_out",
        "instance": "COMP1",
        "type": "trigger"
      },
      {
        "dmaInstance": "LPDMA2",
        "event": "eventout",
        "instance": "EVENTOUT",
        "type": "trigger"
      },
      {
        "dmaInstance": "LPDMA2",
        "event": "lpdma1_ch0_tc",
        "instance": "LPDMA1",
        "signal_id": "ch0_tc",
        "type": "trigger"
      },
      {
        "dmaInstance": "LPDMA2",
        "event": "lpdma1_ch1_tc",
        "instance": "LPDMA1",
        "signal_id": "ch1_tc",
        "type": "trigger"
      },
      {
        "dmaInstance": "LPDMA2",
        "event": "lpdma1_ch2_tc",
        "instance": "LPDMA1",
        "signal_id": "ch2_tc",
        "type": "trigger"
      },
      {
        "dmaInstance": "LPDMA2",
        "event": "lpdma1_ch3_tc",
        "instance": "LPDMA1",
        "signal_id": "ch3_tc",
        "type": "trigger"
      },
      {
        "dmaInstance": "LPDMA2",
        "event": "lpdma1_ch4_tc",
        "instance": "LPDMA1",
        "signal_id": "ch4_tc",
        "type": "trigger"
      },
      {
        "dmaInstance": "LPDMA2",
        "event": "lpdma1_ch5_tc",
        "instance": "LPDMA1",
        "signal_id": "ch5_tc",
        "type": "trigger"
      },
      {
        "dmaInstance": "LPDMA2",
        "event": "lpdma1_ch6_tc",
        "instance": "LPDMA1",
        "signal_id": "ch6_tc",
        "type": "trigger"
      },
      {
        "dmaInstance": "LPDMA2",
        "event": "lpdma1_ch7_tc",
        "instance": "LPDMA1",
        "signal_id": "ch7_tc",
        "type": "trigger"
      },
      {
        "dmaInstance": "LPDMA2",
        "event": "lpdma2_ch0_tc",
        "instance": "LPDMA2",
        "signal_id": "ch0_tc",
        "type": "trigger"
      },
      {
        "dmaInstance": "LPDMA2",
        "event": "lpdma2_ch1_tc",
        "instance": "LPDMA2",
        "signal_id": "ch1_tc",
        "type": "trigger"
      },
      {
        "dmaInstance": "LPDMA2",
        "event": "lpdma2_ch2_tc",
        "instance": "LPDMA2",
        "signal_id": "ch2_tc",
        "type": "trigger"
      },
      {
        "dmaInstance": "LPDMA2",
        "event": "lpdma2_ch3_tc",
        "instance": "LPDMA2",
        "signal_id": "ch3_tc",
        "type": "trigger"
      }
    ]
  },
  "resourcesAllocations": [],
  "resourcesNeeds": [],
  "resourceReservations": []
}