{
  "layout": {
    "defaultInstallationFolderBase": "misc",
    "useCustomInstallPaths": true,
    "customPackPaths": [
      {
        "packName": "ARM.CMSIS.6.1.0",
        "folder": "arch/cmsis"
      },
      {
        "packName": "STMicroelectronics.button_hw-part.0.0.2",
        "folder": "misc/STMicroelectronics.button_hw-part.0.0.2"
      },
      {
        "packName": "STMicroelectronics.crystal_hw-part.0.0.3",
        "folder": "misc/STMicroelectronics.crystal_hw-part.0.0.3"
      },
      {
        "packName": "STMicroelectronics.ecmf2-40a100n6_hw-part.0.0.2",
        "folder": "misc/STMicroelectronics.ecmf2-40a100n6_hw-part.0.0.2"
      },
      {
        "packName": "STMicroelectronics.led_hw-part.0.0.2",
        "folder": "misc/STMicroelectronics.led_hw-part.0.0.2"
      },
      {
        "packName": "STMicroelectronics.mcp2562fd_hw-part.0.0.5",
        "folder": "misc/STMicroelectronics.mcp2562fd_hw-part.0.0.5"
      },
      {
        "packName": "STMicroelectronics.nucleo-c562re_hw-board.0.0.2",
        "folder": "misc/STMicroelectronics.nucleo-c562re_hw-board.0.0.2"
      },
      {
        "packName": "STMicroelectronics.st-link_hw-part.0.0.2",
        "folder": "misc/STMicroelectronics.st-link_hw-part.0.0.2"
      },
      {
        "packName": "STMicroelectronics.stm32c5xx_dfp.2.0.0-beta.1",
        "folder": "stm32c5xx_dfp"
      },
      {
        "packName": "STMicroelectronics.stm32c5xx_hal_drivers.2.0.0-alpha.2.0",
        "folder": "stm32c5xx_drivers"
      },
      {
        "packName": "STMicroelectronics.syscalls.0.2.1",
        "folder": "utilities/syscalls"
      },
      {
        "packName": "STMicroelectronics.template_no_os.0.7.0",
        "folder": "misc/STMicroelectronics.template_no_os.0.7.0"
      }
    ]
  },
  "export": {
    "format": "CMake",
    "outputPath": "../C562_UART_printf_cmake",
    "buildTarget": ".debug_GCC+NUCLEO-C562RE",
    "exportSource": "include-packs-from-local",
    "removeBoard": true
  }
}