{
  "version": 1,
  "description": {
    "lines": [
      {
        "configurable": true,
        "interconnect": [
          {
            "instance": "GPIOA",
            "pin": "PA0",
            "type": "gpio"
          },
          {
            "instance": "GPIOB",
            "pin": "PB0",
            "type": "gpio"
          },
          {
            "instance": "GPIOC",
            "pin": "PC0",
            "type": "gpio"
          },
          {
            "instance": "GPIOD",
            "pin": "PD0",
            "type": "gpio"
          },
          {
            "instance": "GPIOE",
            "pin": "PE0",
            "type": "gpio"
          },
          {
            "instance": "GPIOH",
            "pin": "PH0",
            "type": "gpio"
          }
        ],
        "line_id": "EXTI0"
      },
      {
        "configurable": true,
        "interconnect": [
          {
            "instance": "GPIOA",
            "pin": "PA1",
            "type": "gpio"
          },
          {
            "instance": "GPIOB",
            "pin": "PB1",
            "type": "gpio"
          },
          {
            "instance": "GPIOC",
            "pin": "PC1",
            "type": "gpio"
          },
          {
            "instance": "GPIOD",
            "pin": "PD1",
            "type": "gpio"
          },
          {
            "instance": "GPIOE",
            "pin": "PE1",
            "type": "gpio"
          },
          {
            "instance": "GPIOH",
            "pin": "PH1",
            "type": "gpio"
          }
        ],
        "line_id": "EXTI1"
      },
      {
        "configurable": true,
        "interconnect": [
          {
            "instance": "GPIOA",
            "pin": "PA2",
            "type": "gpio"
          },
          {
            "instance": "GPIOB",
            "pin": "PB2",
            "type": "gpio"
          },
          {
            "instance": "GPIOC",
            "pin": "PC2",
            "type": "gpio"
          },
          {
            "instance": "GPIOD",
            "pin": "PD2",
            "type": "gpio"
          },
          {
            "instance": "GPIOE",
            "pin": "PE2",
            "type": "gpio"
          },
          {
            "instance": "GPIOH",
            "pin": "PH2",
            "type": "gpio"
          }
        ],
        "line_id": "EXTI2"
      },
      {
        "configurable": true,
        "interconnect": [
          {
            "instance": "GPIOA",
            "pin": "PA3",
            "type": "gpio"
          },
          {
            "instance": "GPIOB",
            "pin": "PB3",
            "type": "gpio"
          },
          {
            "instance": "GPIOC",
            "pin": "PC3",
            "type": "gpio"
          },
          {
            "instance": "GPIOD",
            "pin": "PD3",
            "type": "gpio"
          },
          {
            "instance": "GPIOE",
            "pin": "PE3",
            "type": "gpio"
          },
          {
            "instance": "GPIOH",
            "pin": "PH3",
            "type": "gpio"
          }
        ],
        "line_id": "EXTI3"
      },
      {
        "configurable": true,
        "interconnect": [
          {
            "instance": "GPIOA",
            "pin": "PA4",
            "type": "gpio"
          },
          {
            "instance": "GPIOB",
            "pin": "PB4",
            "type": "gpio"
          },
          {
            "instance": "GPIOC",
            "pin": "PC4",
            "type": "gpio"
          },
          {
            "instance": "GPIOD",
            "pin": "PD4",
            "type": "gpio"
          },
          {
            "instance": "GPIOE",
            "pin": "PE4",
            "type": "gpio"
          },
          {
            "instance": "GPIOH",
            "pin": "PH4",
            "type": "gpio"
          }
        ],
        "line_id": "EXTI4"
      },
      {
        "configurable": true,
        "interconnect": [
          {
            "instance": "GPIOA",
            "pin": "PA5",
            "type": "gpio"
          },
          {
            "instance": "GPIOB",
            "pin": "PB5",
            "type": "gpio"
          },
          {
            "instance": "GPIOC",
            "pin": "PC5",
            "type": "gpio"
          },
          {
            "instance": "GPIOD",
            "pin": "PD5",
            "type": "gpio"
          },
          {
            "instance": "GPIOE",
            "pin": "PE5",
            "type": "gpio"
          },
          {
            "instance": "GPIOH",
            "pin": "PH5",
            "type": "gpio"
          }
        ],
        "line_id": "EXTI5"
      },
      {
        "configurable": true,
        "interconnect": [
          {
            "instance": "GPIOA",
            "pin": "PA6",
            "type": "gpio"
          },
          {
            "instance": "GPIOB",
            "pin": "PB6",
            "type": "gpio"
          },
          {
            "instance": "GPIOC",
            "pin": "PC6",
            "type": "gpio"
          },
          {
            "instance": "GPIOD",
            "pin": "PD6",
            "type": "gpio"
          },
          {
            "instance": "GPIOE",
            "pin": "PE6",
            "type": "gpio"
          }
        ],
        "line_id": "EXTI6"
      },
      {
        "configurable": true,
        "interconnect": [
          {
            "instance": "GPIOA",
            "pin": "PA7",
            "type": "gpio"
          },
          {
            "instance": "GPIOB",
            "pin": "PB7",
            "type": "gpio"
          },
          {
            "instance": "GPIOC",
            "pin": "PC7",
            "type": "gpio"
          },
          {
            "instance": "GPIOD",
            "pin": "PD7",
            "type": "gpio"
          },
          {
            "instance": "GPIOE",
            "pin": "PE7",
            "type": "gpio"
          }
        ],
        "line_id": "EXTI7"
      },
      {
        "configurable": true,
        "interconnect": [
          {
            "instance": "GPIOA",
            "pin": "PA8",
            "type": "gpio"
          },
          {
            "instance": "GPIOB",
            "pin": "PB8",
            "type": "gpio"
          },
          {
            "instance": "GPIOC",
            "pin": "PC8",
            "type": "gpio"
          },
          {
            "instance": "GPIOD",
            "pin": "PD8",
            "type": "gpio"
          },
          {
            "instance": "GPIOE",
            "pin": "PE8",
            "type": "gpio"
          }
        ],
        "line_id": "EXTI8"
      },
      {
        "configurable": true,
        "interconnect": [
          {
            "instance": "GPIOA",
            "pin": "PA9",
            "type": "gpio"
          },
          {
            "instance": "GPIOB",
            "pin": "PB9",
            "type": "gpio"
          },
          {
            "instance": "GPIOC",
            "pin": "PC9",
            "type": "gpio"
          },
          {
            "instance": "GPIOD",
            "pin": "PD9",
            "type": "gpio"
          },
          {
            "instance": "GPIOE",
            "pin": "PE9",
            "type": "gpio"
          }
        ],
        "line_id": "EXTI9"
      },
      {
        "configurable": true,
        "interconnect": [
          {
            "instance": "GPIOA",
            "pin": "PA10",
            "type": "gpio"
          },
          {
            "instance": "GPIOB",
            "pin": "PB10",
            "type": "gpio"
          },
          {
            "instance": "GPIOC",
            "pin": "PC10",
            "type": "gpio"
          },
          {
            "instance": "GPIOD",
            "pin": "PD10",
            "type": "gpio"
          },
          {
            "instance": "GPIOE",
            "pin": "PE10",
            "type": "gpio"
          }
        ],
        "line_id": "EXTI10"
      },
      {
        "configurable": true,
        "interconnect": [
          {
            "instance": "GPIOA",
            "pin": "PA11",
            "type": "gpio"
          },
          {
            "instance": "GPIOC",
            "pin": "PC11",
            "type": "gpio"
          },
          {
            "instance": "GPIOD",
            "pin": "PD11",
            "type": "gpio"
          },
          {
            "instance": "GPIOE",
            "pin": "PE11",
            "type": "gpio"
          }
        ],
        "line_id": "EXTI11"
      },
      {
        "configurable": true,
        "interconnect": [
          {
            "instance": "GPIOA",
            "pin": "PA12",
            "type": "gpio"
          },
          {
            "instance": "GPIOB",
            "pin": "PB12",
            "type": "gpio"
          },
          {
            "instance": "GPIOC",
            "pin": "PC12",
            "type": "gpio"
          },
          {
            "instance": "GPIOD",
            "pin": "PD12",
            "type": "gpio"
          },
          {
            "instance": "GPIOE",
            "pin": "PE12",
            "type": "gpio"
          }
        ],
        "line_id": "EXTI12"
      },
      {
        "configurable": true,
        "interconnect": [
          {
            "instance": "GPIOA",
            "pin": "PA13",
            "type": "gpio"
          },
          {
            "instance": "GPIOB",
            "pin": "PB13",
            "type": "gpio"
          },
          {
            "instance": "GPIOC",
            "pin": "PC13",
            "type": "gpio"
          },
          {
            "instance": "GPIOD",
            "pin": "PD13",
            "type": "gpio"
          },
          {
            "instance": "GPIOE",
            "pin": "PE13",
            "type": "gpio"
          }
        ],
        "line_id": "EXTI13"
      },
      {
        "configurable": true,
        "interconnect": [
          {
            "instance": "GPIOA",
            "pin": "PA14",
            "type": "gpio"
          },
          {
            "instance": "GPIOB",
            "pin": "PB14",
            "type": "gpio"
          },
          {
            "instance": "GPIOC",
            "pin": "PC14",
            "type": "gpio"
          },
          {
            "instance": "GPIOD",
            "pin": "PD14",
            "type": "gpio"
          },
          {
            "instance": "GPIOE",
            "pin": "PE14",
            "type": "gpio"
          }
        ],
        "line_id": "EXTI14"
      },
      {
        "configurable": true,
        "interconnect": [
          {
            "instance": "GPIOA",
            "pin": "PA15",
            "type": "gpio"
          },
          {
            "instance": "GPIOB",
            "pin": "PB15",
            "type": "gpio"
          },
          {
            "instance": "GPIOC",
            "pin": "PC15",
            "type": "gpio"
          },
          {
            "instance": "GPIOD",
            "pin": "PD15",
            "type": "gpio"
          },
          {
            "instance": "GPIOE",
            "pin": "PE15",
            "type": "gpio"
          },
          {
            "instance": "GPIOH",
            "pin": "PH15",
            "type": "gpio"
          }
        ],
        "line_id": "EXTI15"
      },
      {
        "configurable": true,
        "interconnect": [
          {
            "instance": "PWR",
            "source": "PVD/AVD output",
            "type": "peripheral"
          }
        ],
        "line_id": "EXTI16"
      },
      {
        "configurable": false,
        "interconnect": [
          {
            "instance": "RTC",
            "source": "RTC",
            "type": "peripheral"
          }
        ],
        "line_id": "EXTI17"
      },
      {
        "configurable": false,
        "interconnect": [
          {
            "instance": "TAMP",
            "source": "TAMP",
            "type": "peripheral"
          }
        ],
        "line_id": "EXTI18"
      },
      {
        "configurable": false,
        "interconnect": [
          {
            "instance": "RCC",
            "source": "LSE CSS",
            "type": "peripheral"
          }
        ],
        "line_id": "EXTI19"
      },
      {
        "configurable": false,
        "interconnect": [
          {
            "instance": "I2C1",
            "source": "I2C1 wakeup",
            "type": "peripheral"
          }
        ],
        "line_id": "EXTI20"
      },
      {
        "configurable": false,
        "interconnect": [
          {
            "instance": "I3C1",
            "source": "I3C1 wakeup",
            "type": "peripheral"
          }
        ],
        "line_id": "EXTI21"
      },
      {
        "configurable": false,
        "interconnect": [
          {
            "instance": "SPI1",
            "source": "SPI1 wakeup",
            "type": "peripheral"
          }
        ],
        "line_id": "EXTI22"
      },
      {
        "configurable": false,
        "interconnect": [
          {
            "instance": "SPI2",
            "source": "SPI2 wakeup",
            "type": "peripheral"
          }
        ],
        "line_id": "EXTI23"
      },
      {
        "configurable": false,
        "interconnect": [
          {
            "instance": "SPI3",
            "source": "SPI3 wakeup",
            "type": "peripheral"
          }
        ],
        "line_id": "EXTI24"
      },
      {
        "configurable": false,
        "interconnect": [
          {
            "instance": "USART1",
            "source": "USART1 wakeup",
            "type": "peripheral"
          }
        ],
        "line_id": "EXTI25"
      },
      {
        "configurable": false,
        "interconnect": [
          {
            "instance": "USART2",
            "source": "USART2 wakeup",
            "type": "peripheral"
          }
        ],
        "line_id": "EXTI26"
      },
      {
        "configurable": false,
        "interconnect": [
          {
            "instance": "USART3",
            "source": "USART3 wakeup",
            "type": "peripheral"
          }
        ],
        "line_id": "EXTI27"
      },
      {
        "configurable": false,
        "interconnect": [
          {
            "instance": "UART4",
            "source": "UART4 wakeup",
            "type": "peripheral"
          }
        ],
        "line_id": "EXTI28"
      },
      {
        "configurable": false,
        "interconnect": [
          {
            "instance": "UART5",
            "source": "UART5 wakeup",
            "type": "peripheral"
          }
        ],
        "line_id": "EXTI29"
      },
      {
        "configurable": false,
        "interconnect": [
          {
            "instance": "LPUART1",
            "source": "LPUART1 wakeup",
            "type": "peripheral"
          }
        ],
        "line_id": "EXTI30"
      },
      {
        "configurable": false,
        "interconnect": [
          {
            "instance": "LPTIM1",
            "source": "LPTIM1",
            "type": "peripheral"
          }
        ],
        "line_id": "EXTI31"
      },
      {
        "configurable": false,
        "interconnect": [
          {
            "instance": "OTG_FS",
            "source": "USB FS wakeup",
            "type": "peripheral"
          }
        ],
        "line_id": "EXTI32"
      },
      {
        "configurable": false,
        "interconnect": [
          {
            "instance": "I2C2",
            "source": "I2C2 wakeup",
            "type": "peripheral"
          }
        ],
        "line_id": "EXTI33"
      },
      {
        "configurable": true,
        "interconnect": [
          {
            "instance": "COMP1",
            "source": "COMP1_OUT",
            "type": "peripheral"
          }
        ],
        "line_id": "EXTI34"
      },
      {
        "configurable": false,
        "interconnect": [
          {
            "instance": "IWDG",
            "source": "IWDG",
            "type": "peripheral"
          }
        ],
        "line_id": "EXTI35"
      }
    ]
  },
  "resourcesAllocations": [],
  "resourcesNeeds": []
}