{
  "software": {
    "model": {
      "STMicroelectronics.stm32c5xx_hal_drivers.2.0.0-alpha.3.0$STMicroelectronics::Device:STM32CubeMX2 Config:RCC@0.2.0#RCC Init": [
        {
          "index": 0,
          "instanceId": "60b473a2-d80f-43d0-9165-0e1f08391342",
          "name": "MyRCC_1",
          "entity": "peripheral.rcc",
          "settings": {
            "parameters": {
              "info": {
                "labels": [],
                "layer": "HAL",
                "init_type": "called"
              },
              "main": {
                "periph_clocks_init": 0,
                "flash_latency": 1,
                "flash_programming_delay": 0
              },
              "additional": {
                "hse": {
                  "state": "OFF"
                },
                "lse": {
                  "state": "OFF"
                },
                "hsi": {
                  "enable_in_stop_mode": false
                },
                "psi": {
                  "enable_in_stop_mode": false
                },
                "clk_outputs": {
                  "mco1": false,
                  "mco2": false,
                  "lsco": false
                }
              },
              "system": {
                "gpio": {},
                "nvic": {},
                "exti": {}
              }
            }
          }
        }
      ],
      "STMicroelectronics.stm32c5xx_hal_drivers.2.0.0-alpha.3.0$STMicroelectronics::Device:STM32CubeMX2 Config:GPIO@0.2.0#HAL GPIO Init": [
        {
          "index": 1,
          "instanceId": "c58db8ac-23b2-4ccc-83a8-efd7e2ac2d1c",
          "name": "MyGPIO_1",
          "entity": "gpio.groups",
          "settings": {
            "parameters": {
              "info": {
                "labels": [],
                "layer": "HAL",
                "init_type": "called"
              },
              "pins": [
                {
                  "label_name": [],
                  "_foreignKey": "PC13",
                  "basic": {
                    "mode": "INPUT",
                    "pull": "NO",
                    "EnableEXTI": false
                  }
                },
                {
                  "label_name": [],
                  "_foreignKey": "PE2",
                  "basic": {
                    "mode": "INPUT",
                    "pull": "NO",
                    "EnableEXTI": false
                  }
                }
              ]
            }
          }
        }
      ],
      "STMicroelectronics.stm32c5xx_hal_drivers.2.0.0-alpha.3.0$STMicroelectronics::Device:STM32CubeMX2 Config:ICACHE@0.2.0#HAL CORE Init and ICACHE": [
        {
          "index": 2,
          "instanceId": "c197421f-37be-4722-90f3-489fe22124b7",
          "name": "MyICACHE_1",
          "entity": "peripheral.icache",
          "settings": {
            "parameters": {
              "info": {
                "labels": [],
                "layer": "HAL",
                "init_type": "called"
              },
              "Basic": {
                "UseDefault": true
              },
              "Additional": {
                "AssociativityMode": "2WAYS",
                "MemoryAddressRemap": false,
                "Monitors": {
                  "HitMonitor": false,
                  "MissMonitor": false
                }
              },
              "System": {
                "NVIC_Settings": {
                  "EnableInterruption": false
                }
              }
            }
          }
        }
      ],
      "STMicroelectronics.stm32c5xx_hal_drivers.2.0.0-alpha.3.0$STMicroelectronics::Device:STM32CubeMX2 Config:CORE@0.2.0#HAL Generated code": [
        {
          "index": 3,
          "instanceId": "d9683c43-0ba7-4954-80d0-234767778a39",
          "name": "MyCORE_1",
          "entity": "unknown",
          "settings": {
            "parameters": {
              "common": {
                "check_param": false,
                "secure_check_param": false,
                "check_process_state": false,
                "assert_dbg_param": false,
                "assert_dbg_state": false,
                "hal_mutex": false,
                "timebase_feature": {
                  "hal_timebase_selection": "SYSTICK"
                },
                "vdd_value": 0
              },
              "adc_feature": {
                "use_register_callback": false,
                "user_data": false,
                "get_last_errors": false,
                "clk_enable_model": "HAL_CLK_ENABLE_NO"
              },
              "aes_feature": {
                "use_register_callback": false,
                "user_data": false,
                "get_last_errors": false,
                "clk_enable_model": "HAL_CLK_ENABLE_NO",
                "use_hal_aes_suspend_resume": true,
                "use_hal_aes_ccm_algo": false,
                "use_hal_aes_ctr_algo": false,
                "use_hal_aes_ecb_cbc_algo": false,
                "use_hal_aes_gcm_gmac_algo": false
              },
              "ccb_feature": {
                "use_register_callback": false,
                "user_data": false,
                "get_last_errors": false,
                "clk_enable_model": "HAL_CLK_ENABLE_NO"
              },
              "comp_feature": {
                "use_register_callback": false,
                "user_data": false,
                "clk_enable_model": "HAL_CLK_ENABLE_NO",
                "use_hal_comp_exti": true,
                "use_hal_comp_window_mode": false
              },
              "cordic_feature": {
                "use_register_callback": false,
                "user_data": false,
                "get_last_errors": false,
                "clk_enable_model": "HAL_CLK_ENABLE_NO"
              },
              "crc_feature": {
                "user_data": false,
                "clk_enable_model": "HAL_CLK_ENABLE_NO"
              },
              "crs_feature": {
                "user_data": false,
                "clk_enable_model": "HAL_CLK_ENABLE_NO",
                "get_last_errors": false,
                "use_register_callback": false
              },
              "dac_feature": {
                "use_register_callback": false,
                "user_data": false,
                "get_last_errors": false,
                "clk_enable_model": "HAL_CLK_ENABLE_NO",
                "use_hal_dac_dual_channel": false
              },
              "dma_feature": {
                "user_data": false,
                "get_last_errors": false,
                "clk_enable_model": "HAL_CLK_ENABLE_NO"
              },
              "exti_feature": {
                "use_register_callback": false,
                "user_data": false
              },
              "fdcan_feature": {
                "use_register_callback": false,
                "user_data": false,
                "get_last_errors": false,
                "clk_enable_model": "HAL_CLK_ENABLE_NO"
              },
              "flash_feature": {
                "clk_enable_model": "HAL_CLK_ENABLE_NO",
                "use_register_callback": false,
                "user_data": false,
                "get_last_errors": false,
                "prefetch_enable": true,
                "use_hal_flash_erase_by_addr": true,
                "use_hal_flash_erase_page": true,
                "use_hal_flash_erase_bank": true,
                "use_hal_flash_mass_erase": true,
                "use_hal_flash_ecc": true,
                "use_hal_flash_ob_edata": true,
                "use_hal_flash_program_by_addr": true
              },
              "gpio_feature": {
                "clk_enable_model": "HAL_CLK_ENABLE_NO"
              },
              "hash_feature": {
                "use_register_callback": false,
                "user_data": false,
                "get_last_errors": false,
                "clk_enable_model": "HAL_CLK_ENABLE_NO"
              },
              "hcd_feature": {
                "use_register_callback": false,
                "user_data": false,
                "get_last_errors": false,
                "use_hal_hcd_usb_double_buffer": false,
                "use_hal_hcd_usb_ep_type_isoc": false,
                "use_hal_hcd_usb_hub_hs_split": false,
                "use_hal_hcd_max_channel_nb": 16
              },
              "i2c_feature": {
                "use_register_callback": false,
                "user_data": false,
                "get_last_errors": false,
                "clk_enable_model": "HAL_CLK_ENABLE_NO"
              },
              "i3c_feature": {
                "use_register_callback": false,
                "user_data": false,
                "get_last_errors": false,
                "clk_enable_model": "HAL_CLK_ENABLE_NO"
              },
              "i2s_feature": {
                "use_register_callback": false,
                "user_data": false,
                "get_last_errors": false,
                "ovr_udr_errors": false,
                "clk_enable_model": "HAL_CLK_ENABLE_NO"
              },
              "icache_feature": {
                "use_register_callback": false,
                "user_data": false,
                "get_last_errors": false
              },
              "iwdg_feature": {
                "use_register_callback": false,
                "user_data": false,
                "use_hal_iwdg_time_unit": "HAL_IWDG_TIME_UNIT_MS",
                "use_hal_iwdg_hardware_start": false
              },
              "lptim_feature": {
                "use_register_callback": false,
                "user_data": false,
                "get_last_errors": false,
                "clk_enable_model": "HAL_CLK_ENABLE_NO"
              },
              "opamp_feature": {
                "user_data": false,
                "clk_enable_model": "HAL_CLK_ENABLE_NO",
                "use_hal_opamp_calibrate_parallel": false
              },
              "pcd_feature": {
                "use_register_callback": false,
                "user_data": false,
                "get_last_errors": false,
                "use_hal_pcd_usb_double_buffer": true,
                "use_hal_pcd_usb_lpm": true,
                "use_hal_pcd_usb_bcd": true,
                "use_hal_pcd_usb_ep_type_isoc": true,
                "use_hal_pcd_max_endpoint_nb": 16
              },
              "pka_feature": {
                "use_register_callback": false,
                "user_data": false,
                "get_last_errors": false,
                "clk_enable_model": "HAL_CLK_ENABLE_NO"
              },
              "rcc_feature": {
                "use_hal_rcc_reset_periph_clock_management": false,
                "use_hal_rcc_reset_rtc_domain": false
              },
              "rng_feature": {
                "use_register_callback": false,
                "user_data": false,
                "get_last_errors": false,
                "clk_enable_model": "HAL_CLK_ENABLE_NO"
              },
              "smartcard_feature": {
                "use_register_callback": false,
                "user_data": false,
                "get_last_errors": false,
                "clk_enable_model": "HAL_CLK_ENABLE_NO",
                "use_hal_smartcard_fifo": false
              },
              "smbus_feature": {
                "use_register_callback": false,
                "user_data": false,
                "clk_enable_model": "HAL_CLK_ENABLE_NO"
              },
              "spi_feature": {
                "use_register_callback": false,
                "user_data": false,
                "get_last_errors": false,
                "clk_enable_model": "HAL_CLK_ENABLE_NO",
                "use_hal_spi_crc": false
              },
              "tim_feature": {
                "use_register_callback": false,
                "user_data": false,
                "get_last_errors": false,
                "clk_enable_model": "HAL_CLK_ENABLE_NO"
              },
              "uart_feature": {
                "use_register_callback": false,
                "user_data": false,
                "get_last_errors": false,
                "clk_enable_model": "HAL_CLK_ENABLE_NO"
              },
              "usart_feature": {
                "use_register_callback": false,
                "user_data": false,
                "get_last_errors": false,
                "clk_enable_model": "HAL_CLK_ENABLE_NO",
                "use_hal_usart_fifo": false
              },
              "wwdg_feature": {
                "use_register_callback": false,
                "user_data": false,
                "clk_enable_model": "HAL_CLK_ENABLE_NO",
                "use_hal_wwdg_time_unit": "HAL_WWDG_TIME_UNIT_MS",
                "use_hal_wwdg_hardware_start": false
              },
              "xspi_feature": {
                "use_register_callback": false,
                "user_data": false,
                "get_last_errors": false,
                "clk_enable_model": "HAL_CLK_ENABLE_NO",
                "use_hal_xspi_hyperbus": false
              }
            }
          }
        }
      ],
      "STMicroelectronics.stm32c5xx_hal_drivers.2.0.0-alpha.3.0$STMicroelectronics::Device:STM32CubeMX2 Config:System@0.2.0#HAL System Init": [
        {
          "index": 4,
          "instanceId": "75d35126-048c-4f7c-bff7-8c616f4986a8",
          "name": "MySystem_1",
          "entity": "unknown",
          "settings": {
            "parameters": {
              "icache_enable": true,
              "code_generation": {
                "isr_handler": false,
                "optim_enable": false,
                "strategy": "HW"
              },
              "debug": {
                "assert_dbg_param": false,
                "assert_dbg_state": false
              }
            }
          }
        }
      ],
      "STMicroelectronics.stm32c5xx_hal_drivers.2.0.0-alpha.3.0$STMicroelectronics::Device:STM32CubeMX2 Config:UART@0.2.0#HAL CORE GPIO DMA Init and UART": [
        {
          "index": 5,
          "instanceId": "3a51d2fc-da78-4be7-92a8-0d10585607f6",
          "name": "MyUART_1",
          "entity": "peripheral.usart",
          "settings": {
            "parameters": {
              "info": {
                "labels": [],
                "layer": "HAL",
                "init_type": "called",
                "function_type": "UART"
              },
              "main_peripheral_configuration": {
                "mode": "async",
                "baud_rate": 115200,
                "word_length": "8",
                "parity": "NONE",
                "stop_bit": "1",
                "direction": "TX_RX",
                "hw_flow_ctl": "NONE",
                "over_sampling": "16",
                "one_bit_sampling": "DISABLE",
                "clock_prescaler": 1
              },
              "additional_features_configuration": {
                "EnableFifoMode": false,
                "EnableStopMode": false,
                "EnableTxPinLevelInvert": false,
                "EnableRxPinLevelInvert": false,
                "EnableDataInvert": false,
                "EnableTxRxSwap": false,
                "EnableReceiverTimeout": false,
                "EnableMSBFirst": false,
                "DisableRxOverRunDetection": false,
                "EnableDMAStopOnRxError": false,
                "EnableRS485Mode": false,
                "SetConfigAutoBaudRate": "DISABLE"
              },
              "System": {
                "GPIO_Settings": {
                  "gpio_rx": {
                    "needs": [
                      {
                        "needType": "need.pinout.signals",
                        "projectUri": "cube:db8cfd73-56f8-47d7-b8d8-fe5c91f59403/57c3524c-eec0-4b2b-a4a3-f80756531407",
                        "componentId": "STMicroelectronics.stm32c5xx_hal_drivers.2.0.0-alpha.3.0$STMicroelectronics::Device:STM32CubeMX2 Config:UART@0.2.0#HAL CORE GPIO DMA Init and UART",
                        "componentInstanceId": "3a51d2fc-da78-4be7-92a8-0d10585607f6",
                        "propertyPath": "/parameters/System/GPIO_Settings/gpio_rx",
                        "selector": "RX",
                        "id": "6df92536-d35d-41cd-8f34-5661d9991801",
                        "owner": "USART2",
                        "constraints": {
                          "mode": {
                            "const": "ALTERNATE"
                          }
                        }
                      }
                    ]
                  },
                  "gpio_tx": {
                    "needs": [
                      {
                        "needType": "need.pinout.signals",
                        "projectUri": "cube:db8cfd73-56f8-47d7-b8d8-fe5c91f59403/57c3524c-eec0-4b2b-a4a3-f80756531407",
                        "componentId": "STMicroelectronics.stm32c5xx_hal_drivers.2.0.0-alpha.3.0$STMicroelectronics::Device:STM32CubeMX2 Config:UART@0.2.0#HAL CORE GPIO DMA Init and UART",
                        "componentInstanceId": "3a51d2fc-da78-4be7-92a8-0d10585607f6",
                        "propertyPath": "/parameters/System/GPIO_Settings/gpio_tx",
                        "selector": "TX",
                        "id": "3cc071b4-1f34-4ba2-a8af-21e74c43177e",
                        "owner": "USART2",
                        "constraints": {
                          "mode": {
                            "const": "ALTERNATE"
                          }
                        }
                      }
                    ]
                  }
                },
                "EnableDMA_RX": false,
                "EnableDMA_TX": false,
                "EnableInterruption": true,
                "irq_handler_generation": true,
                "nvicConfig": {
                  "needs": [
                    {
                      "needType": "need.interrupt.lines",
                      "projectUri": "cube:db8cfd73-56f8-47d7-b8d8-fe5c91f59403/57c3524c-eec0-4b2b-a4a3-f80756531407",
                      "componentId": "STMicroelectronics.stm32c5xx_hal_drivers.2.0.0-alpha.3.0$STMicroelectronics::Device:STM32CubeMX2 Config:UART@0.2.0#HAL CORE GPIO DMA Init and UART",
                      "componentInstanceId": "3a51d2fc-da78-4be7-92a8-0d10585607f6",
                      "propertyPath": "/parameters/System/nvicConfig",
                      "selector": "*",
                      "id": "c5e4fe46-b3e0-4ce8-9049-be987cb91328",
                      "owner": "USART2"
                    }
                  ]
                }
              }
            }
          }
        }
      ],
      "STMicroelectronics.stm32c5xx_hal_drivers.2.0.0-alpha.3.0$STMicroelectronics::Device:STM32 LL:GPIO@0.1.0#LL": [
        {
          "index": 0,
          "needId": "3cc071b4-1f34-4ba2-a8af-21e74c43177e",
          "rootId": "3a51d2fc-da78-4be7-92a8-0d10585607f6",
          "needType": "need.pinout.signals",
          "parentId": "3a51d2fc-da78-4be7-92a8-0d10585607f6",
          "settings": {
            "label_name": [],
            "basic": {
              "mode": "ALTERNATE",
              "pull": "NO",
              "EnableEXTI": false,
              "output_type": "PUSHPULL",
              "speed": "LOW"
            }
          }
        },
        {
          "index": 1,
          "needId": "6df92536-d35d-41cd-8f34-5661d9991801",
          "rootId": "3a51d2fc-da78-4be7-92a8-0d10585607f6",
          "needType": "need.pinout.signals",
          "parentId": "3a51d2fc-da78-4be7-92a8-0d10585607f6",
          "settings": {
            "label_name": [],
            "basic": {
              "mode": "ALTERNATE",
              "pull": "NO",
              "EnableEXTI": false,
              "output_type": "PUSHPULL",
              "speed": "LOW"
            }
          }
        }
      ]
    },
    "version": 2
  }
}