{
  "componentModel": {
    "version": 2,
    "$type": "http://st.com/schema/sw-composer#//SWComposition",
    "id": "29b520b0-1e44-4bd7-ad5f-bce60430de70",
    "components": [
      {
        "$type": "http://st.com/schema/sw-composer#//SingleInstanceSWComponent",
        "id": "fada0827-98b7-4c1c-a998-a49cb3155281",
        "componentDescriptionId": "STMicroelectronics.stm32c5xx_hal_drivers.2.0.0-alpha.3.0$STMicroelectronics::Device:STM32CubeMX2 Config:RCC@0.2.0#RCC Init",
        "label": "STM32CubeMX2 Config:RCC",
        "expanded": true,
        "userAdded": true
      },
      {
        "$type": "http://st.com/schema/sw-composer#//MultiInstanceSWComponent",
        "id": "4b304a72-c630-4001-b961-f3725b2a5006",
        "componentDescriptionId": "STMicroelectronics.stm32c5xx_hal_drivers.2.0.0-alpha.3.0$STMicroelectronics::Device:STM32CubeMX2 Config:GPIO@0.2.0#HAL GPIO Init",
        "label": "STM32CubeMX2 Config:GPIO",
        "expanded": true,
        "userAdded": true
      },
      {
        "$type": "http://st.com/schema/sw-composer#//MultiInstanceSWComponent",
        "id": "5b3cb595-e218-4c77-bfb2-e506d1d2b9bb",
        "componentDescriptionId": "STMicroelectronics.stm32c5xx_hal_drivers.2.0.0-alpha.3.0$STMicroelectronics::Device:STM32CubeMX2 Config:ICACHE@0.2.0#HAL CORE Init and ICACHE",
        "label": "STM32CubeMX2 Config:ICACHE",
        "expanded": true,
        "userAdded": true
      },
      {
        "$type": "http://st.com/schema/sw-composer#//SWComponent",
        "id": "3ec4f67e-a922-4c79-8eed-6ab3bbc8a44f",
        "componentDescriptionId": "ARM.CMSIS.6.1.0$ARM::CMSIS:CORE@6.1.0#ARMv6_7_8-M Device",
        "label": "CORE",
        "expanded": true,
        "userAdded": true
      },
      {
        "$type": "http://st.com/schema/sw-composer#//SWComponent",
        "id": "81dc45d6-1ab4-485b-8acd-8ae609c236f8",
        "componentDescriptionId": "STMicroelectronics.stm32c5xx_hal_drivers.2.0.0-alpha.3.0$STMicroelectronics::Device:STM32 HAL:CORTEX@0.2.0#HAL CORTEX",
        "label": "STM32 HAL:CORTEX",
        "expanded": true,
        "userAdded": true
      },
      {
        "$type": "http://st.com/schema/sw-composer#//SWComponent",
        "id": "4aa7a302-0ea0-44e7-833c-eb5055df33f0",
        "componentDescriptionId": "STMicroelectronics.stm32c5xx_hal_drivers.2.0.0-alpha.3.0$STMicroelectronics::Device:STM32 HAL:Core@0.2.0#HAL Common",
        "label": "STM32 HAL:Core",
        "expanded": true,
        "userAdded": true
      },
      {
        "$type": "http://st.com/schema/sw-composer#//SWComponent",
        "id": "99994caf-48a2-4b4a-876b-4c1b52eb3eff",
        "componentDescriptionId": "STMicroelectronics.stm32c5xx_hal_drivers.2.0.0-alpha.3.0$STMicroelectronics::Device:STM32 HAL:EXTI@0.2.0#HAL EXTI",
        "label": "STM32 HAL:EXTI",
        "expanded": true,
        "userAdded": true
      },
      {
        "$type": "http://st.com/schema/sw-composer#//SWComponent",
        "id": "c8b55489-4ebc-4405-a426-5bd92ecb91db",
        "componentDescriptionId": "STMicroelectronics.stm32c5xx_hal_drivers.2.0.0-alpha.3.0$STMicroelectronics::Device:STM32 HAL:FLASH@0.2.0#HAL FLASH",
        "label": "STM32 HAL:FLASH",
        "expanded": true,
        "userAdded": true
      },
      {
        "$type": "http://st.com/schema/sw-composer#//SWComponent",
        "id": "86f77e08-190c-4dae-a58f-ccbabac4c9cd",
        "componentDescriptionId": "STMicroelectronics.stm32c5xx_hal_drivers.2.0.0-alpha.3.0$STMicroelectronics::Device:STM32 HAL:FLASH_ITF@0.2.0#HAL FLASH_ITF",
        "label": "STM32 HAL:FLASH_ITF",
        "expanded": true,
        "userAdded": true
      },
      {
        "$type": "http://st.com/schema/sw-composer#//SWComponent",
        "id": "76f6e13d-84a4-417c-92de-5bd9032480e0",
        "componentDescriptionId": "STMicroelectronics.stm32c5xx_hal_drivers.2.0.0-alpha.3.0$STMicroelectronics::Device:STM32 HAL:GPIO@0.2.0#HAL GPIO",
        "label": "STM32 HAL:GPIO",
        "expanded": true,
        "userAdded": true
      },
      {
        "$type": "http://st.com/schema/sw-composer#//SWComponent",
        "id": "f07b626c-c4ef-468f-843b-060ce8f7d12e",
        "componentDescriptionId": "STMicroelectronics.stm32c5xx_hal_drivers.2.0.0-alpha.3.0$STMicroelectronics::Device:STM32 HAL:ICACHE@0.1.0#HAL ICACHE",
        "label": "STM32 HAL:ICACHE",
        "expanded": true,
        "userAdded": true
      },
      {
        "$type": "http://st.com/schema/sw-composer#//SWComponent",
        "id": "1b0071b3-c074-4089-a4fb-e024d846889b",
        "componentDescriptionId": "STMicroelectronics.stm32c5xx_hal_drivers.2.0.0-alpha.3.0$STMicroelectronics::Device:STM32 HAL:PWR@0.1.0#HAL PWR",
        "label": "STM32 HAL:PWR",
        "expanded": true,
        "userAdded": true
      },
      {
        "$type": "http://st.com/schema/sw-composer#//SWComponent",
        "id": "c5e5a84c-7f2a-4aac-a263-63e2b9af8448",
        "componentDescriptionId": "STMicroelectronics.stm32c5xx_hal_drivers.2.0.0-alpha.3.0$STMicroelectronics::Device:STM32 HAL:RCC@0.1.0#HAL RCC",
        "label": "STM32 HAL:RCC",
        "expanded": true,
        "userAdded": true
      },
      {
        "$type": "http://st.com/schema/sw-composer#//SWComponent",
        "id": "501a70a4-a428-4e05-bad3-133a0efc65c3",
        "componentDescriptionId": "STMicroelectronics.stm32c5xx_hal_drivers.2.0.0-alpha.3.0$STMicroelectronics::Device:STM32 HAL:SBS@0.1.0#HAL SBS",
        "label": "STM32 HAL:SBS",
        "expanded": true,
        "userAdded": true
      },
      {
        "$type": "http://st.com/schema/sw-composer#//SWComponent",
        "id": "38aa2234-511a-446b-b191-45c9a13bc921",
        "componentDescriptionId": "STMicroelectronics.stm32c5xx_hal_drivers.2.0.0-alpha.3.0$STMicroelectronics::Device:STM32 LL:BUS@0.1.0#LL",
        "label": "STM32 LL:BUS",
        "expanded": true,
        "userAdded": true
      },
      {
        "$type": "http://st.com/schema/sw-composer#//SWComponent",
        "id": "e09f8902-cfb8-47d0-a134-74064dfb2c2a",
        "componentDescriptionId": "STMicroelectronics.stm32c5xx_hal_drivers.2.0.0-alpha.3.0$STMicroelectronics::Device:STM32 LL:Common@0.1.0#CMSIS Core",
        "label": "STM32 LL:Common",
        "expanded": true,
        "userAdded": true
      },
      {
        "$type": "http://st.com/schema/sw-composer#//SWComponent",
        "id": "5a73343f-5467-4693-88ca-6d7dfda0bab4",
        "componentDescriptionId": "STMicroelectronics.stm32c5xx_hal_drivers.2.0.0-alpha.3.0$STMicroelectronics::Device:STM32 LL:EXTI@0.1.0#LL",
        "label": "STM32 LL:EXTI",
        "expanded": true,
        "userAdded": true
      },
      {
        "$type": "http://st.com/schema/sw-composer#//SWComponent",
        "id": "0bd1637c-bd65-44bc-b9f6-0f393561da4c",
        "componentDescriptionId": "STMicroelectronics.stm32c5xx_hal_drivers.2.0.0-alpha.3.0$STMicroelectronics::Device:STM32 LL:FLASH@0.1.0#LL",
        "label": "STM32 LL:FLASH",
        "expanded": true,
        "userAdded": true
      },
      {
        "$type": "http://st.com/schema/sw-composer#//SWComponent",
        "id": "add3ba58-746a-4517-8908-97ac9dde8c93",
        "componentDescriptionId": "STMicroelectronics.stm32c5xx_hal_drivers.2.0.0-alpha.3.0$STMicroelectronics::Device:STM32 LL:GPIO@0.1.0#LL",
        "label": "STM32 LL:GPIO",
        "expanded": true,
        "userAdded": true
      },
      {
        "$type": "http://st.com/schema/sw-composer#//SWComponent",
        "id": "fd9f6459-8109-4f64-8ab7-a800f0dc5492",
        "componentDescriptionId": "STMicroelectronics.stm32c5xx_hal_drivers.2.0.0-alpha.3.0$STMicroelectronics::Device:STM32 LL:ICACHE@0.1.0#LL",
        "label": "STM32 LL:ICACHE",
        "expanded": true,
        "userAdded": true
      },
      {
        "$type": "http://st.com/schema/sw-composer#//SWComponent",
        "id": "5de350f0-d931-419c-a383-16e401acd11b",
        "componentDescriptionId": "STMicroelectronics.stm32c5xx_hal_drivers.2.0.0-alpha.3.0$STMicroelectronics::Device:STM32 LL:PWR@0.1.0#LL",
        "label": "STM32 LL:PWR",
        "expanded": true,
        "userAdded": true
      },
      {
        "$type": "http://st.com/schema/sw-composer#//SWComponent",
        "id": "528e9b78-7162-4707-9d2b-6da0a7cd4b8e",
        "componentDescriptionId": "STMicroelectronics.stm32c5xx_hal_drivers.2.0.0-alpha.3.0$STMicroelectronics::Device:STM32 LL:RCC@0.1.0#LL",
        "label": "STM32 LL:RCC",
        "expanded": true,
        "userAdded": true
      },
      {
        "$type": "http://st.com/schema/sw-composer#//SWComponent",
        "id": "1e017e50-fde2-46bd-9c6e-78ea4ce3dee8",
        "componentDescriptionId": "STMicroelectronics.stm32c5xx_hal_drivers.2.0.0-alpha.3.0$STMicroelectronics::Device:STM32 LL:SBS@0.1.0#LL",
        "label": "STM32 LL:SBS",
        "expanded": true,
        "userAdded": true
      },
      {
        "$type": "http://st.com/schema/sw-composer#//SingleInstanceSWComponent",
        "id": "f97c5bc4-39a5-4721-b23c-614909c24641",
        "componentDescriptionId": "STMicroelectronics.stm32c5xx_hal_drivers.2.0.0-alpha.3.0$STMicroelectronics::Device:STM32CubeMX2 Config:CORE@0.2.0#HAL Generated code",
        "label": "STM32CubeMX2 Config:CORE",
        "expanded": true,
        "userAdded": true
      },
      {
        "$type": "http://st.com/schema/sw-composer#//SWComponent",
        "id": "398ba260-993a-4a25-9cdb-090663aba00f",
        "componentDescriptionId": "STMicroelectronics.stm32c5xx_hal_drivers.2.0.0-alpha.3.0$STMicroelectronics::Device:STM32CubeMX2 Config:Generated Code@0.2.0#HAL Common",
        "label": "STM32CubeMX2 Config:Generated Code",
        "expanded": true,
        "userAdded": true
      },
      {
        "$type": "http://st.com/schema/sw-composer#//SingleInstanceSWComponent",
        "id": "facdab32-152d-491c-8579-a987e2a27911",
        "componentDescriptionId": "STMicroelectronics.stm32c5xx_hal_drivers.2.0.0-alpha.3.0$STMicroelectronics::Device:STM32CubeMX2 Config:System@0.2.0#HAL System Init",
        "label": "STM32CubeMX2 Config:System",
        "expanded": true,
        "userAdded": true
      },
      {
        "$type": "http://st.com/schema/sw-composer#//SWComponent",
        "id": "de5c94e8-c0ad-49d2-88d4-051def9d1c54",
        "componentDescriptionId": "STMicroelectronics.stm32c5xx_hal_drivers.2.0.0-alpha.3.0$STMicroelectronics::Device:STM32CubeMX2 Config:def@0.2.0#HAL Common",
        "label": "STM32CubeMX2 Config:def",
        "expanded": true,
        "userAdded": true
      },
      {
        "$type": "http://st.com/schema/sw-composer#//SWComponent",
        "id": "b155889b-560d-4cca-94f6-55d343f82d5b",
        "componentDescriptionId": "STMicroelectronics.stm32c5xx_dfp.2.0.0-beta.2$STMicroelectronics::Device:Startup@2.0.0-beta.2#STM32C5",
        "label": "Startup",
        "expanded": true,
        "userAdded": true
      },
      {
        "$type": "http://st.com/schema/sw-composer#//SWComponent",
        "id": "b0d029f4-a207-4d33-8023-a0d90fc015b3",
        "componentDescriptionId": "STMicroelectronics.template_no_os.0.8.0$STMicroelectronics::Application:project_templates&template no os@0.8.0#template no os dependencies",
        "label": "project_templates:template no os",
        "expanded": true,
        "userAdded": true
      },
      {
        "$type": "http://st.com/schema/sw-composer#//SWComponent",
        "id": "dd72b924-e5c2-45a4-9ecd-df564148cd5f",
        "componentDescriptionId": "STMicroelectronics.syscalls.0.2.1$STMicroelectronics::Utility:syscalls&Template syscalls@0.2.0",
        "label": "syscalls:Template syscalls",
        "expanded": true,
        "userAdded": true
      },
      {
        "$type": "http://st.com/schema/sw-composer#//SWComponent",
        "id": "e24b12af-7981-473b-938a-eca3bedb396d",
        "componentDescriptionId": "STMicroelectronics.stm32c5xx_hal_drivers.2.0.0-alpha.3.0$STMicroelectronics::Device:STM32 HAL:timebases&SYSTICK@0.1.0#Timebase NONE",
        "label": "STM32 HAL:SYSTICK",
        "expanded": true,
        "userAdded": false
      },
      {
        "$type": "http://st.com/schema/sw-composer#//MultiInstanceSWComponent",
        "id": "6b586677-a1f4-4ab2-bf19-ff33c519b472",
        "componentDescriptionId": "STMicroelectronics.stm32c5xx_hal_drivers.2.0.0-alpha.3.0$STMicroelectronics::Device:STM32CubeMX2 Config:UART@0.2.0#HAL CORE GPIO DMA Init and UART",
        "label": "STM32CubeMX2 Config:UART",
        "expanded": true,
        "userAdded": true
      },
      {
        "$type": "http://st.com/schema/sw-composer#//SWComponent",
        "id": "994b6d96-e720-457e-a5d5-8a1fb8bb4826",
        "componentDescriptionId": "STMicroelectronics.stm32c5xx_hal_drivers.2.0.0-alpha.3.0$STMicroelectronics::Device:STM32 HAL:DMA@0.2.0#HAL DMA",
        "label": "STM32 HAL:DMA",
        "expanded": true,
        "userAdded": false
      },
      {
        "$type": "http://st.com/schema/sw-composer#//SWComponent",
        "id": "63ca37f8-ff50-48e0-a77d-bc67af3b5ab4",
        "componentDescriptionId": "STMicroelectronics.stm32c5xx_hal_drivers.2.0.0-alpha.3.0$STMicroelectronics::Device:STM32 HAL:Q@0.1.0#HAL CORE",
        "label": "STM32 HAL:Q",
        "expanded": true,
        "userAdded": false
      },
      {
        "$type": "http://st.com/schema/sw-composer#//SWComponent",
        "id": "2cd58ac2-b95d-4315-bafc-4513e2e295f6",
        "componentDescriptionId": "STMicroelectronics.stm32c5xx_hal_drivers.2.0.0-alpha.3.0$STMicroelectronics::Device:STM32 HAL:UART@0.1.0#HAL UART",
        "label": "STM32 HAL:UART",
        "expanded": true,
        "userAdded": false
      },
      {
        "$type": "http://st.com/schema/sw-composer#//SWComponent",
        "id": "7c7ef433-e685-4c49-b541-aff2306d9c5f",
        "componentDescriptionId": "STMicroelectronics.stm32c5xx_hal_drivers.2.0.0-alpha.3.0$STMicroelectronics::Device:STM32 LL:DMA@0.1.0#LL",
        "label": "STM32 LL:DMA",
        "expanded": true,
        "userAdded": false
      },
      {
        "$type": "http://st.com/schema/sw-composer#//SWComponent",
        "id": "bc64814e-aef9-492f-8a7f-13248b05cf92",
        "componentDescriptionId": "STMicroelectronics.stm32c5xx_hal_drivers.2.0.0-alpha.3.0$STMicroelectronics::Device:STM32 LL:USART@0.1.0#LL",
        "label": "STM32 LL:USART",
        "expanded": true,
        "userAdded": false
      }
    ]
  },
  "notation": {
    "version": 1,
    "$type": "http://www.eclipse.org/emfcloud/modelserver/notation#//Diagram",
    "$id": "de00abdb-1c53-48aa-b6c7-d61cab0fc5c6",
    "semanticElement": {
      "uri": "29b520b0-1e44-4bd7-ad5f-bce60430de70"
    },
    "elements": [
      {
        "$id": "70c6b761-00f7-4fb4-9d47-466fa2294fdc",
        "$type": "http://www.eclipse.org/emfcloud/modelserver/notation#//Shape",
        "semanticElement": {
          "uri": "fada0827-98b7-4c1c-a998-a49cb3155281"
        },
        "position": {
          "x": 0,
          "y": 0
        }
      },
      {
        "$id": "5356fede-b94e-4553-a5a6-0a712cab152a",
        "$type": "http://www.eclipse.org/emfcloud/modelserver/notation#//Shape",
        "semanticElement": {
          "uri": "4b304a72-c630-4001-b961-f3725b2a5006"
        },
        "position": {
          "x": 0,
          "y": 0
        }
      },
      {
        "$id": "ebd80dfb-c8e8-4b60-92c2-c6c78185a8e3",
        "$type": "http://www.eclipse.org/emfcloud/modelserver/notation#//Shape",
        "semanticElement": {
          "uri": "5b3cb595-e218-4c77-bfb2-e506d1d2b9bb"
        },
        "position": {
          "x": 0,
          "y": 0
        }
      },
      {
        "$id": "68331f50-b64e-4443-87b7-a05cf24b31ce",
        "$type": "http://www.eclipse.org/emfcloud/modelserver/notation#//Shape",
        "semanticElement": {
          "uri": "3ec4f67e-a922-4c79-8eed-6ab3bbc8a44f"
        },
        "position": {
          "x": 0,
          "y": 0
        }
      },
      {
        "$id": "d1f7707f-9d74-43d8-abc6-ad2759769550",
        "$type": "http://www.eclipse.org/emfcloud/modelserver/notation#//Shape",
        "semanticElement": {
          "uri": "81dc45d6-1ab4-485b-8acd-8ae609c236f8"
        },
        "position": {
          "x": 0,
          "y": 0
        }
      },
      {
        "$id": "9440e057-6c21-4991-ad0b-e53c0e806f4c",
        "$type": "http://www.eclipse.org/emfcloud/modelserver/notation#//Shape",
        "semanticElement": {
          "uri": "4aa7a302-0ea0-44e7-833c-eb5055df33f0"
        },
        "position": {
          "x": 0,
          "y": 0
        }
      },
      {
        "$id": "795ee5bd-d2be-44fb-9bd9-92473eeb107e",
        "$type": "http://www.eclipse.org/emfcloud/modelserver/notation#//Shape",
        "semanticElement": {
          "uri": "99994caf-48a2-4b4a-876b-4c1b52eb3eff"
        },
        "position": {
          "x": 0,
          "y": 0
        }
      },
      {
        "$id": "09f27493-3b77-44b8-9317-b8e649284cbf",
        "$type": "http://www.eclipse.org/emfcloud/modelserver/notation#//Shape",
        "semanticElement": {
          "uri": "c8b55489-4ebc-4405-a426-5bd92ecb91db"
        },
        "position": {
          "x": 0,
          "y": 0
        }
      },
      {
        "$id": "41415a43-de94-40dd-989b-f6dff1cf54d8",
        "$type": "http://www.eclipse.org/emfcloud/modelserver/notation#//Shape",
        "semanticElement": {
          "uri": "86f77e08-190c-4dae-a58f-ccbabac4c9cd"
        },
        "position": {
          "x": 0,
          "y": 0
        }
      },
      {
        "$id": "f840c160-b9a4-4106-ba46-a1d650b64809",
        "$type": "http://www.eclipse.org/emfcloud/modelserver/notation#//Shape",
        "semanticElement": {
          "uri": "76f6e13d-84a4-417c-92de-5bd9032480e0"
        },
        "position": {
          "x": 0,
          "y": 0
        }
      },
      {
        "$id": "26db79ee-90b1-4c6d-8458-d171a6b65f9b",
        "$type": "http://www.eclipse.org/emfcloud/modelserver/notation#//Shape",
        "semanticElement": {
          "uri": "f07b626c-c4ef-468f-843b-060ce8f7d12e"
        },
        "position": {
          "x": 0,
          "y": 0
        }
      },
      {
        "$id": "ac3840fc-7167-4b2e-89cd-34f929bd3ee9",
        "$type": "http://www.eclipse.org/emfcloud/modelserver/notation#//Shape",
        "semanticElement": {
          "uri": "1b0071b3-c074-4089-a4fb-e024d846889b"
        },
        "position": {
          "x": 0,
          "y": 0
        }
      },
      {
        "$id": "54c4f723-d34c-4b76-b794-7e94fb293a17",
        "$type": "http://www.eclipse.org/emfcloud/modelserver/notation#//Shape",
        "semanticElement": {
          "uri": "c5e5a84c-7f2a-4aac-a263-63e2b9af8448"
        },
        "position": {
          "x": 0,
          "y": 0
        }
      },
      {
        "$id": "c8a00e41-7363-4c62-917b-c238b582d6ea",
        "$type": "http://www.eclipse.org/emfcloud/modelserver/notation#//Shape",
        "semanticElement": {
          "uri": "501a70a4-a428-4e05-bad3-133a0efc65c3"
        },
        "position": {
          "x": 0,
          "y": 0
        }
      },
      {
        "$id": "cab53308-bb00-47e6-a64a-325370ca81c6",
        "$type": "http://www.eclipse.org/emfcloud/modelserver/notation#//Shape",
        "semanticElement": {
          "uri": "38aa2234-511a-446b-b191-45c9a13bc921"
        },
        "position": {
          "x": 0,
          "y": 0
        }
      },
      {
        "$id": "b2c8cbb7-6caf-462e-8f49-01375d11fe81",
        "$type": "http://www.eclipse.org/emfcloud/modelserver/notation#//Shape",
        "semanticElement": {
          "uri": "e09f8902-cfb8-47d0-a134-74064dfb2c2a"
        },
        "position": {
          "x": 0,
          "y": 0
        }
      },
      {
        "$id": "2bdeff38-13e9-4ce5-8e77-f33ddb5db8e1",
        "$type": "http://www.eclipse.org/emfcloud/modelserver/notation#//Shape",
        "semanticElement": {
          "uri": "5a73343f-5467-4693-88ca-6d7dfda0bab4"
        },
        "position": {
          "x": 0,
          "y": 0
        }
      },
      {
        "$id": "b6d658d4-b7ce-4051-8703-3813a2fcc62c",
        "$type": "http://www.eclipse.org/emfcloud/modelserver/notation#//Shape",
        "semanticElement": {
          "uri": "0bd1637c-bd65-44bc-b9f6-0f393561da4c"
        },
        "position": {
          "x": 0,
          "y": 0
        }
      },
      {
        "$id": "fb690056-c08b-4029-bebb-361fec2c1e0d",
        "$type": "http://www.eclipse.org/emfcloud/modelserver/notation#//Shape",
        "semanticElement": {
          "uri": "add3ba58-746a-4517-8908-97ac9dde8c93"
        },
        "position": {
          "x": 0,
          "y": 0
        }
      },
      {
        "$id": "20ebb17c-f7dd-4ec0-b7cb-8f8faf0eadfa",
        "$type": "http://www.eclipse.org/emfcloud/modelserver/notation#//Shape",
        "semanticElement": {
          "uri": "fd9f6459-8109-4f64-8ab7-a800f0dc5492"
        },
        "position": {
          "x": 0,
          "y": 0
        }
      },
      {
        "$id": "ece3c4cf-13cb-4860-be44-b5a550e9a046",
        "$type": "http://www.eclipse.org/emfcloud/modelserver/notation#//Shape",
        "semanticElement": {
          "uri": "5de350f0-d931-419c-a383-16e401acd11b"
        },
        "position": {
          "x": 0,
          "y": 0
        }
      },
      {
        "$id": "03364106-4dc7-491b-9c53-669f5ea21519",
        "$type": "http://www.eclipse.org/emfcloud/modelserver/notation#//Shape",
        "semanticElement": {
          "uri": "528e9b78-7162-4707-9d2b-6da0a7cd4b8e"
        },
        "position": {
          "x": 0,
          "y": 0
        }
      },
      {
        "$id": "1bb2b388-72db-4e3d-ac16-5b50f3c87a81",
        "$type": "http://www.eclipse.org/emfcloud/modelserver/notation#//Shape",
        "semanticElement": {
          "uri": "1e017e50-fde2-46bd-9c6e-78ea4ce3dee8"
        },
        "position": {
          "x": 0,
          "y": 0
        }
      },
      {
        "$id": "490c118d-f211-49f2-b3d3-d737428b74f9",
        "$type": "http://www.eclipse.org/emfcloud/modelserver/notation#//Shape",
        "semanticElement": {
          "uri": "f97c5bc4-39a5-4721-b23c-614909c24641"
        },
        "position": {
          "x": 0,
          "y": 0
        }
      },
      {
        "$id": "0dda3a6b-38bc-42cb-b77e-ce60bb7fed8c",
        "$type": "http://www.eclipse.org/emfcloud/modelserver/notation#//Shape",
        "semanticElement": {
          "uri": "398ba260-993a-4a25-9cdb-090663aba00f"
        },
        "position": {
          "x": 0,
          "y": 0
        }
      },
      {
        "$id": "7a598869-91bb-4ec7-8e5b-ec4e9ecfdcbb",
        "$type": "http://www.eclipse.org/emfcloud/modelserver/notation#//Shape",
        "semanticElement": {
          "uri": "facdab32-152d-491c-8579-a987e2a27911"
        },
        "position": {
          "x": 0,
          "y": 0
        }
      },
      {
        "$id": "5130e48e-afbf-44c7-b83f-be865cd15ef4",
        "$type": "http://www.eclipse.org/emfcloud/modelserver/notation#//Shape",
        "semanticElement": {
          "uri": "de5c94e8-c0ad-49d2-88d4-051def9d1c54"
        },
        "position": {
          "x": 0,
          "y": 0
        }
      },
      {
        "$id": "690cbccd-34f7-4edd-8c1c-93c050b78eb8",
        "$type": "http://www.eclipse.org/emfcloud/modelserver/notation#//Shape",
        "semanticElement": {
          "uri": "b155889b-560d-4cca-94f6-55d343f82d5b"
        },
        "position": {
          "x": 0,
          "y": 0
        }
      },
      {
        "$id": "b367a603-e613-4fe8-9817-16cf261a8ace",
        "$type": "http://www.eclipse.org/emfcloud/modelserver/notation#//Shape",
        "semanticElement": {
          "uri": "b0d029f4-a207-4d33-8023-a0d90fc015b3"
        },
        "position": {
          "x": 0,
          "y": 0
        }
      },
      {
        "$id": "1b589b47-da06-4aba-b455-d4f870e940c8",
        "$type": "http://www.eclipse.org/emfcloud/modelserver/notation#//Shape",
        "semanticElement": {
          "uri": "dd72b924-e5c2-45a4-9ecd-df564148cd5f"
        },
        "position": {
          "x": 0,
          "y": 0
        }
      },
      {
        "$id": "5373ad0e-3d0c-4184-840e-d37fc9c93526",
        "$type": "http://www.eclipse.org/emfcloud/modelserver/notation#//Shape",
        "semanticElement": {
          "uri": "e24b12af-7981-473b-938a-eca3bedb396d"
        },
        "position": {
          "x": 0,
          "y": 0
        }
      },
      {
        "$id": "06e45ae5-7876-4c39-8984-21899827bc86",
        "$type": "http://www.eclipse.org/emfcloud/modelserver/notation#//Shape",
        "semanticElement": {
          "uri": "6b586677-a1f4-4ab2-bf19-ff33c519b472"
        },
        "position": {
          "x": 0,
          "y": 0
        }
      },
      {
        "$id": "6226d7a7-b369-47fa-b8d6-e4bfbb21e6ba",
        "$type": "http://www.eclipse.org/emfcloud/modelserver/notation#//Shape",
        "semanticElement": {
          "uri": "994b6d96-e720-457e-a5d5-8a1fb8bb4826"
        },
        "position": {
          "x": 0,
          "y": 0
        }
      },
      {
        "$id": "a829c73e-8bae-4fa7-bf5a-3904bfd81c01",
        "$type": "http://www.eclipse.org/emfcloud/modelserver/notation#//Shape",
        "semanticElement": {
          "uri": "63ca37f8-ff50-48e0-a77d-bc67af3b5ab4"
        },
        "position": {
          "x": 0,
          "y": 0
        }
      },
      {
        "$id": "01b05cfb-d663-4410-ad4e-d925e19273a0",
        "$type": "http://www.eclipse.org/emfcloud/modelserver/notation#//Shape",
        "semanticElement": {
          "uri": "2cd58ac2-b95d-4315-bafc-4513e2e295f6"
        },
        "position": {
          "x": 0,
          "y": 0
        }
      },
      {
        "$id": "f72418c8-7650-41ad-9017-41395db6b630",
        "$type": "http://www.eclipse.org/emfcloud/modelserver/notation#//Shape",
        "semanticElement": {
          "uri": "7c7ef433-e685-4c49-b541-aff2306d9c5f"
        },
        "position": {
          "x": 0,
          "y": 0
        }
      },
      {
        "$id": "b8110952-b778-45c6-969f-7c3807978281",
        "$type": "http://www.eclipse.org/emfcloud/modelserver/notation#//Shape",
        "semanticElement": {
          "uri": "bc64814e-aef9-492f-8a7f-13248b05cf92"
        },
        "position": {
          "x": 0,
          "y": 0
        }
      }
    ]
  }
}