{
  "componentModel": {
    "version": 2,
    "$type": "http://st.com/schema/sw-composer#//SWComposition",
    "id": "e6b974be-3b7a-40fd-9376-e71fb2d1a33d",
    "components": [
      {
        "$type": "http://st.com/schema/sw-composer#//MultiInstanceSWComponent",
        "id": "8049fa36-5b54-4c67-bccd-c999d002052f",
        "componentDescriptionId": "STMicroelectronics.stm32c5xx_hal_drivers.2.0.0-alpha.2.0$STMicroelectronics::Device:STM32CubeMX2 Config:ICACHE@0.2.0#HAL CORE Init and ICACHE",
        "label": "STM32CubeMX2 Config:ICACHE",
        "expanded": true,
        "userAdded": true
      },
      {
        "$type": "http://st.com/schema/sw-composer#//SingleInstanceSWComponent",
        "id": "36732a6c-35db-48bf-82f2-66fd3958ab32",
        "componentDescriptionId": "STMicroelectronics.stm32c5xx_hal_drivers.2.0.0-alpha.2.0$STMicroelectronics::Device:STM32CubeMX2 Config:RCC@0.2.0#RCC Init",
        "label": "STM32CubeMX2 Config:RCC",
        "expanded": true,
        "userAdded": true
      },
      {
        "$type": "http://st.com/schema/sw-composer#//MultiInstanceSWComponent",
        "id": "7fd24557-cba8-48b6-a92a-23b3ee7de86a",
        "componentDescriptionId": "STMicroelectronics.stm32c5xx_hal_drivers.2.0.0-alpha.2.0$STMicroelectronics::Device:STM32CubeMX2 Config:GPIO@0.2.0#HAL GPIO Init",
        "label": "STM32CubeMX2 Config:GPIO",
        "expanded": true,
        "userAdded": true
      },
      {
        "$type": "http://st.com/schema/sw-composer#//SWComponent",
        "id": "1fb05254-7926-4fdb-9bdc-33564100c5dd",
        "componentDescriptionId": "ARM.CMSIS.6.1.0$ARM::CMSIS:CORE@6.1.0#ARMv6_7_8-M Device",
        "label": "CORE",
        "expanded": true,
        "userAdded": true
      },
      {
        "$type": "http://st.com/schema/sw-composer#//SWComponent",
        "id": "acfef3e2-aab8-4dbc-8368-760696b14f0b",
        "componentDescriptionId": "STMicroelectronics.stm32c5xx_hal_drivers.2.0.0-alpha.2.0$STMicroelectronics::Device:STM32 HAL:CORTEX@0.2.0#HAL CORTEX",
        "label": "STM32 HAL:CORTEX",
        "expanded": true,
        "userAdded": true
      },
      {
        "$type": "http://st.com/schema/sw-composer#//SWComponent",
        "id": "0123ff6f-102b-4a81-b723-cfa37a7caedd",
        "componentDescriptionId": "STMicroelectronics.stm32c5xx_hal_drivers.2.0.0-alpha.2.0$STMicroelectronics::Device:STM32 HAL:Core@0.2.0#HAL Common",
        "label": "STM32 HAL:Core",
        "expanded": true,
        "userAdded": true
      },
      {
        "$type": "http://st.com/schema/sw-composer#//SWComponent",
        "id": "36303d2f-114e-4ae8-815f-692df75e22e1",
        "componentDescriptionId": "STMicroelectronics.stm32c5xx_hal_drivers.2.0.0-alpha.2.0$STMicroelectronics::Device:STM32 HAL:EXTI@0.2.0#HAL EXTI",
        "label": "STM32 HAL:EXTI",
        "expanded": true,
        "userAdded": true
      },
      {
        "$type": "http://st.com/schema/sw-composer#//SWComponent",
        "id": "a3c7461c-4347-47bf-b458-b4b268b7ff94",
        "componentDescriptionId": "STMicroelectronics.stm32c5xx_hal_drivers.2.0.0-alpha.2.0$STMicroelectronics::Device:STM32 HAL:FLASH_ITF@0.2.0#HAL FLASH",
        "label": "STM32 HAL:FLASH_ITF",
        "expanded": true,
        "userAdded": true
      },
      {
        "$type": "http://st.com/schema/sw-composer#//SWComponent",
        "id": "ecd52444-05b2-4eee-9210-5aceab4435ac",
        "componentDescriptionId": "STMicroelectronics.stm32c5xx_hal_drivers.2.0.0-alpha.2.0$STMicroelectronics::Device:STM32 HAL:GPIO@0.2.0#HAL GPIO",
        "label": "STM32 HAL:GPIO",
        "expanded": true,
        "userAdded": true
      },
      {
        "$type": "http://st.com/schema/sw-composer#//SWComponent",
        "id": "6c715ae3-fc88-4dad-80e9-a628016566b2",
        "componentDescriptionId": "STMicroelectronics.stm32c5xx_hal_drivers.2.0.0-alpha.2.0$STMicroelectronics::Device:STM32 HAL:ICACHE@0.1.0#HAL ICACHE",
        "label": "STM32 HAL:ICACHE",
        "expanded": true,
        "userAdded": true
      },
      {
        "$type": "http://st.com/schema/sw-composer#//SWComponent",
        "id": "1c6323f0-e0fc-4691-8023-4f73b52c950d",
        "componentDescriptionId": "STMicroelectronics.stm32c5xx_hal_drivers.2.0.0-alpha.2.0$STMicroelectronics::Device:STM32 HAL:PWR@0.1.0#HAL PWR",
        "label": "STM32 HAL:PWR",
        "expanded": true,
        "userAdded": true
      },
      {
        "$type": "http://st.com/schema/sw-composer#//SWComponent",
        "id": "980c6023-67ce-4542-a540-a641bc05c6f2",
        "componentDescriptionId": "STMicroelectronics.stm32c5xx_hal_drivers.2.0.0-alpha.2.0$STMicroelectronics::Device:STM32 HAL:RCC@0.1.0#HAL RCC",
        "label": "STM32 HAL:RCC",
        "expanded": true,
        "userAdded": true
      },
      {
        "$type": "http://st.com/schema/sw-composer#//SWComponent",
        "id": "236f8b69-e0ee-4ae3-ad38-bfda154e7702",
        "componentDescriptionId": "STMicroelectronics.stm32c5xx_hal_drivers.2.0.0-alpha.2.0$STMicroelectronics::Device:STM32 HAL:SBS@0.1.0#HAL SBS",
        "label": "STM32 HAL:SBS",
        "expanded": true,
        "userAdded": true
      },
      {
        "$type": "http://st.com/schema/sw-composer#//SWComponent",
        "id": "47d851d4-94fb-4429-ad11-0db7b648d4ac",
        "componentDescriptionId": "STMicroelectronics.stm32c5xx_hal_drivers.2.0.0-alpha.2.0$STMicroelectronics::Device:STM32 LL:BUS@0.1.0#LL",
        "label": "STM32 LL:BUS",
        "expanded": true,
        "userAdded": true
      },
      {
        "$type": "http://st.com/schema/sw-composer#//SWComponent",
        "id": "22079b11-4831-4352-b25c-265111371727",
        "componentDescriptionId": "STMicroelectronics.stm32c5xx_hal_drivers.2.0.0-alpha.2.0$STMicroelectronics::Device:STM32 LL:Common@0.1.0#CMSIS Core",
        "label": "STM32 LL:Common",
        "expanded": true,
        "userAdded": true
      },
      {
        "$type": "http://st.com/schema/sw-composer#//SWComponent",
        "id": "f5dc88e9-5552-4e94-96cb-7bc68208e2ef",
        "componentDescriptionId": "STMicroelectronics.stm32c5xx_hal_drivers.2.0.0-alpha.2.0$STMicroelectronics::Device:STM32 LL:EXTI@0.1.0#LL",
        "label": "STM32 LL:EXTI",
        "expanded": true,
        "userAdded": true
      },
      {
        "$type": "http://st.com/schema/sw-composer#//SWComponent",
        "id": "6639c25c-d84e-485c-820c-2d3918dca76b",
        "componentDescriptionId": "STMicroelectronics.stm32c5xx_hal_drivers.2.0.0-alpha.2.0$STMicroelectronics::Device:STM32 LL:FLASH@0.1.0#LL",
        "label": "STM32 LL:FLASH",
        "expanded": true,
        "userAdded": true
      },
      {
        "$type": "http://st.com/schema/sw-composer#//SWComponent",
        "id": "c798f3f4-4c37-4ad3-802c-8a1195df9f3b",
        "componentDescriptionId": "STMicroelectronics.stm32c5xx_hal_drivers.2.0.0-alpha.2.0$STMicroelectronics::Device:STM32 LL:GPIO@0.1.0#LL",
        "label": "STM32 LL:GPIO",
        "expanded": true,
        "userAdded": true
      },
      {
        "$type": "http://st.com/schema/sw-composer#//SWComponent",
        "id": "0ac0afa0-18c4-4c86-8f40-88f3498f27d7",
        "componentDescriptionId": "STMicroelectronics.stm32c5xx_hal_drivers.2.0.0-alpha.2.0$STMicroelectronics::Device:STM32 LL:ICACHE@0.1.0#LL",
        "label": "STM32 LL:ICACHE",
        "expanded": true,
        "userAdded": true
      },
      {
        "$type": "http://st.com/schema/sw-composer#//SWComponent",
        "id": "31cb9f58-d5dd-4786-9452-de75cf5563c8",
        "componentDescriptionId": "STMicroelectronics.stm32c5xx_hal_drivers.2.0.0-alpha.2.0$STMicroelectronics::Device:STM32 LL:PWR@0.1.0#LL",
        "label": "STM32 LL:PWR",
        "expanded": true,
        "userAdded": true
      },
      {
        "$type": "http://st.com/schema/sw-composer#//SWComponent",
        "id": "ecb5577b-0aa3-497a-8f3b-b2cbf8bc1aa0",
        "componentDescriptionId": "STMicroelectronics.stm32c5xx_hal_drivers.2.0.0-alpha.2.0$STMicroelectronics::Device:STM32 LL:RCC@0.1.0#LL",
        "label": "STM32 LL:RCC",
        "expanded": true,
        "userAdded": true
      },
      {
        "$type": "http://st.com/schema/sw-composer#//SWComponent",
        "id": "2b74471e-3a56-49d0-85f2-8a61cb1ad9a7",
        "componentDescriptionId": "STMicroelectronics.stm32c5xx_hal_drivers.2.0.0-alpha.2.0$STMicroelectronics::Device:STM32 LL:SBS@0.1.0#LL",
        "label": "STM32 LL:SBS",
        "expanded": true,
        "userAdded": true
      },
      {
        "$type": "http://st.com/schema/sw-composer#//SingleInstanceSWComponent",
        "id": "38b928f6-cf17-407a-83c2-1a2435069487",
        "componentDescriptionId": "STMicroelectronics.stm32c5xx_hal_drivers.2.0.0-alpha.2.0$STMicroelectronics::Device:STM32CubeMX2 Config:CORE@0.2.0#HAL Generated code",
        "label": "STM32CubeMX2 Config:CORE",
        "expanded": true,
        "userAdded": true
      },
      {
        "$type": "http://st.com/schema/sw-composer#//SWComponent",
        "id": "b7150963-e3b4-45bc-979a-d8e46cd8f6b4",
        "componentDescriptionId": "STMicroelectronics.stm32c5xx_hal_drivers.2.0.0-alpha.2.0$STMicroelectronics::Device:STM32CubeMX2 Config:Generated Code@0.2.0#HAL Common",
        "label": "STM32CubeMX2 Config:Generated Code",
        "expanded": true,
        "userAdded": true
      },
      {
        "$type": "http://st.com/schema/sw-composer#//SingleInstanceSWComponent",
        "id": "4ff64b20-d95f-4826-8d5b-a5f04bdbd586",
        "componentDescriptionId": "STMicroelectronics.stm32c5xx_hal_drivers.2.0.0-alpha.2.0$STMicroelectronics::Device:STM32CubeMX2 Config:System@0.2.0#HAL System Init",
        "label": "STM32CubeMX2 Config:System",
        "expanded": true,
        "userAdded": true
      },
      {
        "$type": "http://st.com/schema/sw-composer#//SWComponent",
        "id": "525a0c5a-4640-4312-88ba-3b3bf8d0fa06",
        "componentDescriptionId": "STMicroelectronics.stm32c5xx_hal_drivers.2.0.0-alpha.2.0$STMicroelectronics::Device:STM32CubeMX2 Config:def@0.2.0#HAL Common",
        "label": "STM32CubeMX2 Config:def",
        "expanded": true,
        "userAdded": true
      },
      {
        "$type": "http://st.com/schema/sw-composer#//SWComponent",
        "id": "9580a9e6-f182-426b-8fc5-e3d4ed5d6d07",
        "componentDescriptionId": "STMicroelectronics.stm32c5xx_dfp.2.0.0-beta.1$STMicroelectronics::Device:Startup@2.0.0-beta.1#STM32C5",
        "label": "Startup",
        "expanded": true,
        "userAdded": true
      },
      {
        "$type": "http://st.com/schema/sw-composer#//SWComponent",
        "id": "02ebe0a9-8eb8-4d75-bb38-31709f120d3e",
        "componentDescriptionId": "STMicroelectronics.template_no_os.0.7.0$STMicroelectronics::Application:project_templates&template no os@0.7.0#template no os dependencies",
        "label": "project_templates:template no os",
        "expanded": true,
        "userAdded": true
      },
      {
        "$type": "http://st.com/schema/sw-composer#//SWComponent",
        "id": "41367a71-46b2-40f4-98f4-7429aeaf19fe",
        "componentDescriptionId": "STMicroelectronics.syscalls.0.2.1$STMicroelectronics::Utility:syscalls&Template syscalls@0.2.0",
        "label": "syscalls:Template syscalls",
        "expanded": true,
        "userAdded": true
      },
      {
        "$type": "http://st.com/schema/sw-composer#//SWComponent",
        "id": "b21643a1-9efc-4740-929b-7dea8eb3fc55",
        "componentDescriptionId": "STMicroelectronics.stm32c5xx_hal_drivers.2.0.0-alpha.2.0$STMicroelectronics::Device:STM32 HAL:timebases&SYSTICK@0.0.0#Timebase NONE",
        "label": "STM32 HAL:SYSTICK",
        "expanded": true,
        "userAdded": false
      },
      {
        "$type": "http://st.com/schema/sw-composer#//SWComponent",
        "id": "ec703b18-9ccd-4c87-9727-a4fb35afd010",
        "componentDescriptionId": "STMicroelectronics.stm32c5xx_hal_drivers.2.0.0-alpha.2.0$STMicroelectronics::Device:STM32 HAL:DMA@0.2.0#HAL DMA",
        "label": "STM32 HAL:DMA",
        "expanded": true,
        "userAdded": false
      },
      {
        "$type": "http://st.com/schema/sw-composer#//SWComponent",
        "id": "4e85e433-f54e-4b8b-81f2-2cd5120dbd39",
        "componentDescriptionId": "STMicroelectronics.stm32c5xx_hal_drivers.2.0.0-alpha.2.0$STMicroelectronics::Device:STM32 HAL:Q@0.1.0#HAL CORE",
        "label": "STM32 HAL:Q",
        "expanded": true,
        "userAdded": false
      },
      {
        "$type": "http://st.com/schema/sw-composer#//SWComponent",
        "id": "989cb2a1-fd71-48e9-9ba2-f7dbbae4630a",
        "componentDescriptionId": "STMicroelectronics.stm32c5xx_hal_drivers.2.0.0-alpha.2.0$STMicroelectronics::Device:STM32 HAL:UART@0.1.0#HAL UART",
        "label": "STM32 HAL:UART",
        "expanded": true,
        "userAdded": false
      },
      {
        "$type": "http://st.com/schema/sw-composer#//SWComponent",
        "id": "a5907ee6-4986-4f08-bbfd-d5943d83c12f",
        "componentDescriptionId": "STMicroelectronics.stm32c5xx_hal_drivers.2.0.0-alpha.2.0$STMicroelectronics::Device:STM32 LL:DMA@0.1.0#LL",
        "label": "STM32 LL:DMA",
        "expanded": true,
        "userAdded": false
      },
      {
        "$type": "http://st.com/schema/sw-composer#//SWComponent",
        "id": "dc9ab13b-35a3-4d4a-9ca8-1e5e2b14d915",
        "componentDescriptionId": "STMicroelectronics.stm32c5xx_hal_drivers.2.0.0-alpha.2.0$STMicroelectronics::Device:STM32 LL:USART@0.1.0#LL",
        "label": "STM32 LL:USART",
        "expanded": true,
        "userAdded": false
      },
      {
        "$type": "http://st.com/schema/sw-composer#//MultiInstanceSWComponent",
        "id": "c52983d7-85bc-495a-b108-2e21d0e2b87a",
        "componentDescriptionId": "STMicroelectronics.stm32c5xx_hal_drivers.2.0.0-alpha.2.0$STMicroelectronics::Device:STM32CubeMX2 Config:UART@0.2.0#HAL CORE GPIO DMA Init and UART",
        "label": "STM32CubeMX2 Config:UART",
        "expanded": true,
        "userAdded": true
      }
    ]
  },
  "notation": {
    "version": 1,
    "$type": "http://www.eclipse.org/emfcloud/modelserver/notation#//Diagram",
    "$id": "eb216bac-2258-4cbf-bfb7-08dfe6d50d23",
    "semanticElement": {
      "uri": "e6b974be-3b7a-40fd-9376-e71fb2d1a33d"
    },
    "elements": [
      {
        "$id": "aef041ae-75a9-4595-900f-526d3c38ec29",
        "$type": "http://www.eclipse.org/emfcloud/modelserver/notation#//Shape",
        "semanticElement": {
          "uri": "8049fa36-5b54-4c67-bccd-c999d002052f"
        },
        "position": {
          "x": 0,
          "y": 0
        }
      },
      {
        "$id": "67d736fd-4241-42cb-967b-d22ef92847e7",
        "$type": "http://www.eclipse.org/emfcloud/modelserver/notation#//Shape",
        "semanticElement": {
          "uri": "36732a6c-35db-48bf-82f2-66fd3958ab32"
        },
        "position": {
          "x": 0,
          "y": 0
        }
      },
      {
        "$id": "088d104e-fb9c-4873-830f-f0871badfc72",
        "$type": "http://www.eclipse.org/emfcloud/modelserver/notation#//Shape",
        "semanticElement": {
          "uri": "7fd24557-cba8-48b6-a92a-23b3ee7de86a"
        },
        "position": {
          "x": 0,
          "y": 0
        }
      },
      {
        "$id": "d1b75918-7d88-463b-a836-a4d5c0fb249d",
        "$type": "http://www.eclipse.org/emfcloud/modelserver/notation#//Shape",
        "semanticElement": {
          "uri": "1fb05254-7926-4fdb-9bdc-33564100c5dd"
        },
        "position": {
          "x": 0,
          "y": 0
        }
      },
      {
        "$id": "b4c06475-a310-4dca-ab4d-03b3b28e589e",
        "$type": "http://www.eclipse.org/emfcloud/modelserver/notation#//Shape",
        "semanticElement": {
          "uri": "acfef3e2-aab8-4dbc-8368-760696b14f0b"
        },
        "position": {
          "x": 0,
          "y": 0
        }
      },
      {
        "$id": "1e9d73f6-b89b-4213-8bbf-6789e2e223eb",
        "$type": "http://www.eclipse.org/emfcloud/modelserver/notation#//Shape",
        "semanticElement": {
          "uri": "0123ff6f-102b-4a81-b723-cfa37a7caedd"
        },
        "position": {
          "x": 0,
          "y": 0
        }
      },
      {
        "$id": "7788ee06-7e53-4ab9-9211-4eb3daf15df6",
        "$type": "http://www.eclipse.org/emfcloud/modelserver/notation#//Shape",
        "semanticElement": {
          "uri": "36303d2f-114e-4ae8-815f-692df75e22e1"
        },
        "position": {
          "x": 0,
          "y": 0
        }
      },
      {
        "$id": "eec1c369-af75-4da1-807f-1bf2522ec90d",
        "$type": "http://www.eclipse.org/emfcloud/modelserver/notation#//Shape",
        "semanticElement": {
          "uri": "a3c7461c-4347-47bf-b458-b4b268b7ff94"
        },
        "position": {
          "x": 0,
          "y": 0
        }
      },
      {
        "$id": "8237dabe-9d2b-4fce-82af-5487349218dc",
        "$type": "http://www.eclipse.org/emfcloud/modelserver/notation#//Shape",
        "semanticElement": {
          "uri": "ecd52444-05b2-4eee-9210-5aceab4435ac"
        },
        "position": {
          "x": 0,
          "y": 0
        }
      },
      {
        "$id": "d7a249d4-e17d-45ba-abb3-0b0f1228dba7",
        "$type": "http://www.eclipse.org/emfcloud/modelserver/notation#//Shape",
        "semanticElement": {
          "uri": "6c715ae3-fc88-4dad-80e9-a628016566b2"
        },
        "position": {
          "x": 0,
          "y": 0
        }
      },
      {
        "$id": "437e0f70-7aac-4197-9a40-3ee1e1613ce9",
        "$type": "http://www.eclipse.org/emfcloud/modelserver/notation#//Shape",
        "semanticElement": {
          "uri": "1c6323f0-e0fc-4691-8023-4f73b52c950d"
        },
        "position": {
          "x": 0,
          "y": 0
        }
      },
      {
        "$id": "ee2e1d61-42fe-499b-b31f-3c1d9125db18",
        "$type": "http://www.eclipse.org/emfcloud/modelserver/notation#//Shape",
        "semanticElement": {
          "uri": "980c6023-67ce-4542-a540-a641bc05c6f2"
        },
        "position": {
          "x": 0,
          "y": 0
        }
      },
      {
        "$id": "f0cda04d-cc24-45e0-b57e-76521cd0ec00",
        "$type": "http://www.eclipse.org/emfcloud/modelserver/notation#//Shape",
        "semanticElement": {
          "uri": "236f8b69-e0ee-4ae3-ad38-bfda154e7702"
        },
        "position": {
          "x": 0,
          "y": 0
        }
      },
      {
        "$id": "10fa6432-493d-41c6-8ad2-242fd1ae5643",
        "$type": "http://www.eclipse.org/emfcloud/modelserver/notation#//Shape",
        "semanticElement": {
          "uri": "47d851d4-94fb-4429-ad11-0db7b648d4ac"
        },
        "position": {
          "x": 0,
          "y": 0
        }
      },
      {
        "$id": "6f5dbb0d-c675-4547-88cf-d93009c9f174",
        "$type": "http://www.eclipse.org/emfcloud/modelserver/notation#//Shape",
        "semanticElement": {
          "uri": "22079b11-4831-4352-b25c-265111371727"
        },
        "position": {
          "x": 0,
          "y": 0
        }
      },
      {
        "$id": "08588576-3e3c-473e-ac79-6dc99dd349ff",
        "$type": "http://www.eclipse.org/emfcloud/modelserver/notation#//Shape",
        "semanticElement": {
          "uri": "f5dc88e9-5552-4e94-96cb-7bc68208e2ef"
        },
        "position": {
          "x": 0,
          "y": 0
        }
      },
      {
        "$id": "f6dc7ce8-a3de-4b77-8287-702251d5c470",
        "$type": "http://www.eclipse.org/emfcloud/modelserver/notation#//Shape",
        "semanticElement": {
          "uri": "6639c25c-d84e-485c-820c-2d3918dca76b"
        },
        "position": {
          "x": 0,
          "y": 0
        }
      },
      {
        "$id": "a6e6ee5e-e954-4cfe-87f9-647cfcf9e021",
        "$type": "http://www.eclipse.org/emfcloud/modelserver/notation#//Shape",
        "semanticElement": {
          "uri": "c798f3f4-4c37-4ad3-802c-8a1195df9f3b"
        },
        "position": {
          "x": 0,
          "y": 0
        }
      },
      {
        "$id": "d36d8fd8-ca70-49f9-82cb-82b69aff1d3c",
        "$type": "http://www.eclipse.org/emfcloud/modelserver/notation#//Shape",
        "semanticElement": {
          "uri": "0ac0afa0-18c4-4c86-8f40-88f3498f27d7"
        },
        "position": {
          "x": 0,
          "y": 0
        }
      },
      {
        "$id": "4e478523-55fb-4e35-a443-910199ce6fee",
        "$type": "http://www.eclipse.org/emfcloud/modelserver/notation#//Shape",
        "semanticElement": {
          "uri": "31cb9f58-d5dd-4786-9452-de75cf5563c8"
        },
        "position": {
          "x": 0,
          "y": 0
        }
      },
      {
        "$id": "d3f32886-e8db-4e26-a5ea-31b4719b5be5",
        "$type": "http://www.eclipse.org/emfcloud/modelserver/notation#//Shape",
        "semanticElement": {
          "uri": "ecb5577b-0aa3-497a-8f3b-b2cbf8bc1aa0"
        },
        "position": {
          "x": 0,
          "y": 0
        }
      },
      {
        "$id": "098b352b-3a3d-493a-b91f-e96a34411343",
        "$type": "http://www.eclipse.org/emfcloud/modelserver/notation#//Shape",
        "semanticElement": {
          "uri": "2b74471e-3a56-49d0-85f2-8a61cb1ad9a7"
        },
        "position": {
          "x": 0,
          "y": 0
        }
      },
      {
        "$id": "56f3dd1c-5137-488c-9430-84e069a1f42e",
        "$type": "http://www.eclipse.org/emfcloud/modelserver/notation#//Shape",
        "semanticElement": {
          "uri": "38b928f6-cf17-407a-83c2-1a2435069487"
        },
        "position": {
          "x": 0,
          "y": 0
        }
      },
      {
        "$id": "fb903046-192a-46b0-9ae1-81684fb62bf0",
        "$type": "http://www.eclipse.org/emfcloud/modelserver/notation#//Shape",
        "semanticElement": {
          "uri": "b7150963-e3b4-45bc-979a-d8e46cd8f6b4"
        },
        "position": {
          "x": 0,
          "y": 0
        }
      },
      {
        "$id": "abb9e208-f2f3-48ed-964f-7c104326e96c",
        "$type": "http://www.eclipse.org/emfcloud/modelserver/notation#//Shape",
        "semanticElement": {
          "uri": "4ff64b20-d95f-4826-8d5b-a5f04bdbd586"
        },
        "position": {
          "x": 0,
          "y": 0
        }
      },
      {
        "$id": "5a095f9b-8376-43b1-8628-8b0782566b05",
        "$type": "http://www.eclipse.org/emfcloud/modelserver/notation#//Shape",
        "semanticElement": {
          "uri": "525a0c5a-4640-4312-88ba-3b3bf8d0fa06"
        },
        "position": {
          "x": 0,
          "y": 0
        }
      },
      {
        "$id": "596db73c-1611-4b81-b66f-277e9a2354d6",
        "$type": "http://www.eclipse.org/emfcloud/modelserver/notation#//Shape",
        "semanticElement": {
          "uri": "9580a9e6-f182-426b-8fc5-e3d4ed5d6d07"
        },
        "position": {
          "x": 0,
          "y": 0
        }
      },
      {
        "$id": "3e5b9fd2-41e5-4b8d-9487-332c6ed1dbfd",
        "$type": "http://www.eclipse.org/emfcloud/modelserver/notation#//Shape",
        "semanticElement": {
          "uri": "02ebe0a9-8eb8-4d75-bb38-31709f120d3e"
        },
        "position": {
          "x": 0,
          "y": 0
        }
      },
      {
        "$id": "b2ca9d71-4a0b-455e-9faa-9d5369bc6204",
        "$type": "http://www.eclipse.org/emfcloud/modelserver/notation#//Shape",
        "semanticElement": {
          "uri": "41367a71-46b2-40f4-98f4-7429aeaf19fe"
        },
        "position": {
          "x": 0,
          "y": 0
        }
      },
      {
        "$id": "7d716bee-a249-4d8f-88f4-bbaeca7f9adc",
        "$type": "http://www.eclipse.org/emfcloud/modelserver/notation#//Shape",
        "semanticElement": {
          "uri": "b21643a1-9efc-4740-929b-7dea8eb3fc55"
        },
        "position": {
          "x": 0,
          "y": 0
        }
      },
      {
        "$id": "0c05b23e-7c62-4645-9af4-46e81e9e9509",
        "$type": "http://www.eclipse.org/emfcloud/modelserver/notation#//Shape",
        "semanticElement": {
          "uri": "ec703b18-9ccd-4c87-9727-a4fb35afd010"
        },
        "position": {
          "x": 0,
          "y": 0
        }
      },
      {
        "$id": "17572b86-4cf9-41a7-b8b1-7fac61a606d5",
        "$type": "http://www.eclipse.org/emfcloud/modelserver/notation#//Shape",
        "semanticElement": {
          "uri": "4e85e433-f54e-4b8b-81f2-2cd5120dbd39"
        },
        "position": {
          "x": 0,
          "y": 0
        }
      },
      {
        "$id": "cdf24774-02cd-4df4-87cf-f3f63a98c962",
        "$type": "http://www.eclipse.org/emfcloud/modelserver/notation#//Shape",
        "semanticElement": {
          "uri": "989cb2a1-fd71-48e9-9ba2-f7dbbae4630a"
        },
        "position": {
          "x": 0,
          "y": 0
        }
      },
      {
        "$id": "3f304b17-4cec-4ad4-bb06-f9339ca5d2a3",
        "$type": "http://www.eclipse.org/emfcloud/modelserver/notation#//Shape",
        "semanticElement": {
          "uri": "a5907ee6-4986-4f08-bbfd-d5943d83c12f"
        },
        "position": {
          "x": 0,
          "y": 0
        }
      },
      {
        "$id": "0f6d1ac7-19f5-449e-9d02-2d9ba87f7558",
        "$type": "http://www.eclipse.org/emfcloud/modelserver/notation#//Shape",
        "semanticElement": {
          "uri": "dc9ab13b-35a3-4d4a-9ca8-1e5e2b14d915"
        },
        "position": {
          "x": 0,
          "y": 0
        }
      },
      {
        "$id": "65bd1e32-c0a5-4758-bd19-a279d2493966",
        "$type": "http://www.eclipse.org/emfcloud/modelserver/notation#//Shape",
        "semanticElement": {
          "uri": "c52983d7-85bc-495a-b108-2e21d0e2b87a"
        },
        "position": {
          "x": 0,
          "y": 0
        }
      }
    ]
  }
}