{
  "envVar": {
    "HAL_ICACHE_CORE_ENABLED": {
      "name": "HAL_ICACHE_CORE_ENABLED",
      "value": true,
      "originator": "c197421f-37be-4722-90f3-489fe22124b7"
    },
    "CORE_PROJECT_TIMEBASE": {
      "name": "CORE_PROJECT_TIMEBASE",
      "value": "SYSTICK",
      "originator": "d9683c43-0ba7-4954-80d0-234767778a39"
    },
    "SYSTEM_PROJECT_CODEGEN_STRATEGY": {
      "name": "SYSTEM_PROJECT_CODEGEN_STRATEGY",
      "value": "HW",
      "originator": "75d35126-048c-4f7c-bff7-8c616f4986a8"
    }
  }
}