{
  "version": 1,
  "description": {
    "instances": [
      {
        "core_type": "Cortex-M33",
        "cpu_instance": "CPU1",
        "instance": "NVIC1",
        "interrupts": [
          {
            "$comment": "acronyms=[Reset], exception=1, irq_number=-",
            "access": {
              "non_secure": true,
              "secure": false
            },
            "acronyms": [
              "Reset"
            ],
            "description": "Reset",
            "instances": [],
            "name": "Reset",
            "priority": -4,
            "settable": false,
            "type": "exception",
            "used_at_reset": true,
            "id": 0,
            "subpriority": 0,
            "used": true
          },
          {
            "$comment": "acronyms=[NMI], exception=2, irq_number=-14",
            "access": {
              "non_secure": true,
              "secure": false
            },
            "acronyms": [
              "NMI"
            ],
            "description": "Non maskable interrupt. The RCC Clock Security System (CSS) is linked to the NMI vector.",
            "instances": [],
            "name": "NMI",
            "priority": -2,
            "settable": false,
            "type": "exception",
            "used_at_reset": true,
            "id": 1,
            "subpriority": 0,
            "used": true
          },
          {
            "$comment": "acronyms=[HardFault], exception=3, irq_number=-13",
            "access": {
              "non_secure": true,
              "secure": false
            },
            "acronyms": [
              "HardFault"
            ],
            "description": "Hard fault",
            "instances": [],
            "name": "HardFault",
            "priority": -1,
            "settable": false,
            "type": "exception",
            "used_at_reset": true,
            "id": 2,
            "subpriority": 0,
            "used": true
          },
          {
            "$comment": "acronyms=[MemManage], exception=4, irq_number=-12",
            "access": {
              "non_secure": true,
              "secure": false
            },
            "acronyms": [
              "MemManage"
            ],
            "description": "Memory management",
            "instances": [],
            "name": "MemManage",
            "priority": 0,
            "settable": true,
            "type": "exception",
            "used_at_reset": true,
            "id": 3,
            "subpriority": 0,
            "used": true
          },
          {
            "$comment": "acronyms=[BusFault], exception=5, irq_number=-11",
            "access": {
              "non_secure": true,
              "secure": false
            },
            "acronyms": [
              "BusFault"
            ],
            "description": "Pre-fetch fault, memory access fault",
            "instances": [],
            "name": "BusFault",
            "priority": 0,
            "settable": true,
            "type": "exception",
            "used_at_reset": true,
            "id": 4,
            "subpriority": 0,
            "used": true
          },
          {
            "$comment": "acronyms=[UsageFault], exception=6, irq_number=-10",
            "access": {
              "non_secure": true,
              "secure": false
            },
            "acronyms": [
              "UsageFault"
            ],
            "description": "Undefined instruction or illegal state",
            "instances": [],
            "name": "UsageFault",
            "priority": 0,
            "settable": true,
            "type": "exception",
            "used_at_reset": true,
            "id": 5,
            "subpriority": 0,
            "used": true
          },
          {
            "$comment": "acronyms=[SVCall], exception=11, irq_number=-5",
            "access": {
              "non_secure": true,
              "secure": false
            },
            "acronyms": [
              "SVCall"
            ],
            "description": "System service call via SWI instruction",
            "instances": [],
            "name": "SVCall",
            "priority": 0,
            "settable": true,
            "type": "exception",
            "used_at_reset": true,
            "id": 6,
            "subpriority": 0,
            "used": true
          },
          {
            "$comment": "acronyms=[DebugMonitor], exception=12, irq_number=-4",
            "access": {
              "non_secure": true,
              "secure": false
            },
            "acronyms": [
              "DebugMonitor"
            ],
            "description": "Debug monitor",
            "instances": [],
            "name": "DebugMonitor",
            "priority": 0,
            "settable": true,
            "type": "exception",
            "used_at_reset": true,
            "id": 7,
            "subpriority": 0,
            "used": true
          },
          {
            "$comment": "acronyms=[PendSV], exception=14, irq_number=-2",
            "access": {
              "non_secure": true,
              "secure": false
            },
            "acronyms": [
              "PendSV"
            ],
            "description": "Pendable request for system service",
            "instances": [],
            "name": "PendSV",
            "priority": 0,
            "settable": true,
            "type": "exception",
            "used_at_reset": true,
            "id": 8,
            "subpriority": 0,
            "used": true
          },
          {
            "$comment": "acronyms=[SysTick], exception=15, irq_number=-1",
            "access": {
              "non_secure": true,
              "secure": false
            },
            "acronyms": [
              "SysTick"
            ],
            "description": "System tick timer",
            "instances": [],
            "name": "SysTick",
            "priority": 0,
            "settable": true,
            "type": "exception",
            "used_at_reset": true,
            "id": 9,
            "subpriority": 0,
            "used": true
          },
          {
            "$comment": "acronyms=[WWDG], exception=16, irq_number=0",
            "access": {
              "non_secure": true,
              "secure": false
            },
            "acronyms": [
              "WWDG"
            ],
            "description": "Window Watchdog interrupt",
            "instances": [
              {
                "name": "WWDG"
              }
            ],
            "name": "WWDG",
            "priority": 0,
            "settable": true,
            "type": "peripheral",
            "used_at_reset": false,
            "id": 10,
            "subpriority": 0,
            "used": false
          },
          {
            "$comment": "acronyms=[PWR_PVD], exception=17, irq_number=1",
            "access": {
              "non_secure": true,
              "secure": false
            },
            "acronyms": [
              "PWR_PVD"
            ],
            "description": "Power Voltage Monitor",
            "instances": [
              {
                "name": "EXTI16"
              }
            ],
            "name": "PWR_PVD",
            "priority": 0,
            "settable": true,
            "type": "peripheral",
            "used_at_reset": false,
            "id": 11,
            "subpriority": 0,
            "used": false
          },
          {
            "$comment": "acronyms=[RTC], exception=18, irq_number=2",
            "access": {
              "non_secure": true,
              "secure": false
            },
            "acronyms": [
              "RTC"
            ],
            "description": "RTC global non-secure interrupts",
            "instances": [
              {
                "name": "EXTI17"
              }
            ],
            "name": "RTC",
            "priority": 0,
            "settable": true,
            "type": "peripheral",
            "used_at_reset": false,
            "id": 12,
            "subpriority": 0,
            "used": false
          },
          {
            "$comment": "acronyms=[TAMP], exception=19, irq_number=3",
            "access": {
              "non_secure": true,
              "secure": false
            },
            "acronyms": [
              "TAMP"
            ],
            "description": "Tamper global interrupts",
            "instances": [
              {
                "name": "EXTI18"
              }
            ],
            "name": "TAMP",
            "priority": 0,
            "settable": true,
            "type": "peripheral",
            "used_at_reset": false,
            "id": 13,
            "subpriority": 0,
            "used": false
          },
          {
            "$comment": "acronyms=[RAMCFG], exception=20, irq_number=4",
            "access": {
              "non_secure": true,
              "secure": false
            },
            "acronyms": [
              "RAMCFG"
            ],
            "description": "RAM configuration global interrupt",
            "instances": [
              {
                "name": "RAMCFG"
              }
            ],
            "name": "RAMCFG",
            "priority": 0,
            "settable": true,
            "type": "peripheral",
            "used_at_reset": false,
            "id": 14,
            "subpriority": 0,
            "used": false
          },
          {
            "$comment": "acronyms=[FLASH], exception=21, irq_number=5",
            "access": {
              "non_secure": true,
              "secure": false
            },
            "acronyms": [
              "FLASH"
            ],
            "description": "Flash non-secure global interrupt",
            "instances": [
              {
                "name": "FLASH"
              }
            ],
            "name": "FLASH",
            "priority": 0,
            "settable": true,
            "type": "peripheral",
            "used_at_reset": false,
            "id": 15,
            "subpriority": 0,
            "used": false
          },
          {
            "$comment": "acronyms=[RCC], exception=22, irq_number=6",
            "access": {
              "non_secure": true,
              "secure": false
            },
            "acronyms": [
              "RCC"
            ],
            "description": "RCC non-secure global interrupt",
            "instances": [
              {
                "name": "RCC"
              }
            ],
            "name": "RCC",
            "priority": 0,
            "settable": true,
            "type": "peripheral",
            "used_at_reset": false,
            "id": 16,
            "subpriority": 0,
            "used": false
          },
          {
            "$comment": "acronyms=[EXTI0], exception=23, irq_number=7",
            "access": {
              "non_secure": true,
              "secure": false
            },
            "acronyms": [
              "EXTI0"
            ],
            "description": "EXTI Line0 interrupt",
            "instances": [
              {
                "name": "EXTI0"
              }
            ],
            "name": "EXTI0",
            "priority": 0,
            "settable": true,
            "type": "peripheral",
            "used_at_reset": false,
            "id": 17,
            "subpriority": 0,
            "used": false
          },
          {
            "$comment": "acronyms=[EXTI1], exception=24, irq_number=8",
            "access": {
              "non_secure": true,
              "secure": false
            },
            "acronyms": [
              "EXTI1"
            ],
            "description": "EXTI Line1 interrupt",
            "instances": [
              {
                "name": "EXTI1"
              }
            ],
            "name": "EXTI1",
            "priority": 0,
            "settable": true,
            "type": "peripheral",
            "used_at_reset": false,
            "id": 18,
            "subpriority": 0,
            "used": false
          },
          {
            "$comment": "acronyms=[EXTI2], exception=25, irq_number=9",
            "access": {
              "non_secure": true,
              "secure": false
            },
            "acronyms": [
              "EXTI2"
            ],
            "description": "EXTI Line2 interrupt",
            "instances": [
              {
                "name": "EXTI2"
              }
            ],
            "name": "EXTI2",
            "priority": 0,
            "settable": true,
            "type": "peripheral",
            "used_at_reset": false,
            "id": 19,
            "subpriority": 0,
            "used": false
          },
          {
            "$comment": "acronyms=[EXTI3], exception=26, irq_number=10",
            "access": {
              "non_secure": true,
              "secure": false
            },
            "acronyms": [
              "EXTI3"
            ],
            "description": "EXTI Line3 interrupt",
            "instances": [
              {
                "name": "EXTI3"
              }
            ],
            "name": "EXTI3",
            "priority": 0,
            "settable": true,
            "type": "peripheral",
            "used_at_reset": false,
            "id": 20,
            "subpriority": 0,
            "used": false
          },
          {
            "$comment": "acronyms=[EXTI4], exception=27, irq_number=11",
            "access": {
              "non_secure": true,
              "secure": false
            },
            "acronyms": [
              "EXTI4"
            ],
            "description": "EXTI Line4 interrupt",
            "instances": [
              {
                "name": "EXTI4"
              }
            ],
            "name": "EXTI4",
            "priority": 0,
            "settable": true,
            "type": "peripheral",
            "used_at_reset": false,
            "id": 21,
            "subpriority": 0,
            "used": false
          },
          {
            "$comment": "acronyms=[EXTI5], exception=28, irq_number=12",
            "access": {
              "non_secure": true,
              "secure": false
            },
            "acronyms": [
              "EXTI5"
            ],
            "description": "EXTI Line5 interrupt",
            "instances": [
              {
                "name": "EXTI5"
              }
            ],
            "name": "EXTI5",
            "priority": 0,
            "settable": true,
            "type": "peripheral",
            "used_at_reset": false,
            "id": 22,
            "subpriority": 0,
            "used": false
          },
          {
            "$comment": "acronyms=[EXTI6], exception=29, irq_number=13",
            "access": {
              "non_secure": true,
              "secure": false
            },
            "acronyms": [
              "EXTI6"
            ],
            "description": "EXTI Line6 interrupt",
            "instances": [
              {
                "name": "EXTI6"
              }
            ],
            "name": "EXTI6",
            "priority": 0,
            "settable": true,
            "type": "peripheral",
            "used_at_reset": false,
            "id": 23,
            "subpriority": 0,
            "used": false
          },
          {
            "$comment": "acronyms=[EXTI7], exception=30, irq_number=14",
            "access": {
              "non_secure": true,
              "secure": false
            },
            "acronyms": [
              "EXTI7"
            ],
            "description": "EXTI Line7 interrupt",
            "instances": [
              {
                "name": "EXTI7"
              }
            ],
            "name": "EXTI7",
            "priority": 0,
            "settable": true,
            "type": "peripheral",
            "used_at_reset": false,
            "id": 24,
            "subpriority": 0,
            "used": false
          },
          {
            "$comment": "acronyms=[EXTI8], exception=31, irq_number=15",
            "access": {
              "non_secure": true,
              "secure": false
            },
            "acronyms": [
              "EXTI8"
            ],
            "description": "EXTI Line8 interrupt",
            "instances": [
              {
                "name": "EXTI8"
              }
            ],
            "name": "EXTI8",
            "priority": 0,
            "settable": true,
            "type": "peripheral",
            "used_at_reset": false,
            "id": 25,
            "subpriority": 0,
            "used": false
          },
          {
            "$comment": "acronyms=[EXTI9], exception=32, irq_number=16",
            "access": {
              "non_secure": true,
              "secure": false
            },
            "acronyms": [
              "EXTI9"
            ],
            "description": "EXTI Line9 interrupt",
            "instances": [
              {
                "name": "EXTI9"
              }
            ],
            "name": "EXTI9",
            "priority": 0,
            "settable": true,
            "type": "peripheral",
            "used_at_reset": false,
            "id": 26,
            "subpriority": 0,
            "used": false
          },
          {
            "$comment": "acronyms=[EXTI10], exception=33, irq_number=17",
            "access": {
              "non_secure": true,
              "secure": false
            },
            "acronyms": [
              "EXTI10"
            ],
            "description": "EXTI Line10 interrupt",
            "instances": [
              {
                "name": "EXTI10"
              }
            ],
            "name": "EXTI10",
            "priority": 0,
            "settable": true,
            "type": "peripheral",
            "used_at_reset": false,
            "id": 27,
            "subpriority": 0,
            "used": false
          },
          {
            "$comment": "acronyms=[EXTI11], exception=34, irq_number=18",
            "access": {
              "non_secure": true,
              "secure": false
            },
            "acronyms": [
              "EXTI11"
            ],
            "description": "EXTI Line11 interrupt",
            "instances": [
              {
                "name": "EXTI11"
              }
            ],
            "name": "EXTI11",
            "priority": 0,
            "settable": true,
            "type": "peripheral",
            "used_at_reset": false,
            "id": 28,
            "subpriority": 0,
            "used": false
          },
          {
            "$comment": "acronyms=[EXTI12], exception=35, irq_number=19",
            "access": {
              "non_secure": true,
              "secure": false
            },
            "acronyms": [
              "EXTI12"
            ],
            "description": "EXTI Line12 interrupt",
            "instances": [
              {
                "name": "EXTI12"
              }
            ],
            "name": "EXTI12",
            "priority": 0,
            "settable": true,
            "type": "peripheral",
            "used_at_reset": false,
            "id": 29,
            "subpriority": 0,
            "used": false
          },
          {
            "$comment": "acronyms=[EXTI13], exception=36, irq_number=20",
            "access": {
              "non_secure": true,
              "secure": false
            },
            "acronyms": [
              "EXTI13"
            ],
            "description": "EXTI Line13 interrupt",
            "instances": [
              {
                "name": "EXTI13"
              }
            ],
            "name": "EXTI13",
            "priority": 0,
            "settable": true,
            "type": "peripheral",
            "used_at_reset": false,
            "id": 30,
            "subpriority": 0,
            "used": false
          },
          {
            "$comment": "acronyms=[EXTI14], exception=37, irq_number=21",
            "access": {
              "non_secure": true,
              "secure": false
            },
            "acronyms": [
              "EXTI14"
            ],
            "description": "EXTI Line14 interrupt",
            "instances": [
              {
                "name": "EXTI14"
              }
            ],
            "name": "EXTI14",
            "priority": 0,
            "settable": true,
            "type": "peripheral",
            "used_at_reset": false,
            "id": 31,
            "subpriority": 0,
            "used": false
          },
          {
            "$comment": "acronyms=[EXTI15], exception=38, irq_number=22",
            "access": {
              "non_secure": true,
              "secure": false
            },
            "acronyms": [
              "EXTI15"
            ],
            "description": "EXTI Line15 interrupt",
            "instances": [
              {
                "name": "EXTI15"
              }
            ],
            "name": "EXTI15",
            "priority": 0,
            "settable": true,
            "type": "peripheral",
            "used_at_reset": false,
            "id": 32,
            "subpriority": 0,
            "used": false
          },
          {
            "$comment": "acronyms=[LPDMA1_CH0], exception=39, irq_number=23",
            "access": {
              "non_secure": true,
              "secure": false
            },
            "acronyms": [
              "LPDMA1_CH0"
            ],
            "description": "LPDMA1 channel0 global interrupt",
            "instances": [
              {
                "name": "LPDMA1"
              }
            ],
            "name": "LPDMA1_CH0",
            "priority": 0,
            "settable": true,
            "type": "peripheral",
            "used_at_reset": false,
            "id": 33,
            "subpriority": 0,
            "used": false
          },
          {
            "$comment": "acronyms=[LPDMA1_CH1], exception=40, irq_number=24",
            "access": {
              "non_secure": true,
              "secure": false
            },
            "acronyms": [
              "LPDMA1_CH1"
            ],
            "description": "LPDMA1 channel1 global interrupt",
            "instances": [
              {
                "name": "LPDMA1"
              }
            ],
            "name": "LPDMA1_CH1",
            "priority": 0,
            "settable": true,
            "type": "peripheral",
            "used_at_reset": false,
            "id": 34,
            "subpriority": 0,
            "used": false
          },
          {
            "$comment": "acronyms=[LPDMA1_CH2], exception=41, irq_number=25",
            "access": {
              "non_secure": true,
              "secure": false
            },
            "acronyms": [
              "LPDMA1_CH2"
            ],
            "description": "LPDMA1 channel2 global interrupt",
            "instances": [
              {
                "name": "LPDMA1"
              }
            ],
            "name": "LPDMA1_CH2",
            "priority": 0,
            "settable": true,
            "type": "peripheral",
            "used_at_reset": false,
            "id": 35,
            "subpriority": 0,
            "used": false
          },
          {
            "$comment": "acronyms=[LPDMA1_CH3], exception=42, irq_number=26",
            "access": {
              "non_secure": true,
              "secure": false
            },
            "acronyms": [
              "LPDMA1_CH3"
            ],
            "description": "LPDMA1 channel3 global interrupt",
            "instances": [
              {
                "name": "LPDMA1"
              }
            ],
            "name": "LPDMA1_CH3",
            "priority": 0,
            "settable": true,
            "type": "peripheral",
            "used_at_reset": false,
            "id": 36,
            "subpriority": 0,
            "used": false
          },
          {
            "$comment": "acronyms=[LPDMA1_CH4], exception=43, irq_number=27",
            "access": {
              "non_secure": true,
              "secure": false
            },
            "acronyms": [
              "LPDMA1_CH4"
            ],
            "description": "LPDMA1 channel4 global interrupt",
            "instances": [
              {
                "name": "LPDMA1"
              }
            ],
            "name": "LPDMA1_CH4",
            "priority": 0,
            "settable": true,
            "type": "peripheral",
            "used_at_reset": false,
            "id": 37,
            "subpriority": 0,
            "used": false
          },
          {
            "$comment": "acronyms=[LPDMA1_CH5], exception=44, irq_number=28",
            "access": {
              "non_secure": true,
              "secure": false
            },
            "acronyms": [
              "LPDMA1_CH5"
            ],
            "description": "LPDMA1 channel5 global interrupt",
            "instances": [
              {
                "name": "LPDMA1"
              }
            ],
            "name": "LPDMA1_CH5",
            "priority": 0,
            "settable": true,
            "type": "peripheral",
            "used_at_reset": false,
            "id": 38,
            "subpriority": 0,
            "used": false
          },
          {
            "$comment": "acronyms=[LPDMA1_CH6], exception=45, irq_number=29",
            "access": {
              "non_secure": true,
              "secure": false
            },
            "acronyms": [
              "LPDMA1_CH6"
            ],
            "description": "LPDMA1 channel6 global interrupt",
            "instances": [
              {
                "name": "LPDMA1"
              }
            ],
            "name": "LPDMA1_CH6",
            "priority": 0,
            "settable": true,
            "type": "peripheral",
            "used_at_reset": false,
            "id": 39,
            "subpriority": 0,
            "used": false
          },
          {
            "$comment": "acronyms=[LPDMA1_CH7], exception=46, irq_number=30",
            "access": {
              "non_secure": true,
              "secure": false
            },
            "acronyms": [
              "LPDMA1_CH7"
            ],
            "description": "LPDMA1 channel7 global interrupt",
            "instances": [
              {
                "name": "LPDMA1"
              }
            ],
            "name": "LPDMA1_CH7",
            "priority": 0,
            "settable": true,
            "type": "peripheral",
            "used_at_reset": false,
            "id": 40,
            "subpriority": 0,
            "used": false
          },
          {
            "$comment": "acronyms=[IWDG], exception=47, irq_number=31",
            "access": {
              "non_secure": true,
              "secure": false
            },
            "acronyms": [
              "IWDG"
            ],
            "description": "Independent watchdog interrupt",
            "instances": [
              {
                "name": "EXTI35"
              }
            ],
            "name": "IWDG",
            "priority": 0,
            "settable": true,
            "type": "peripheral",
            "used_at_reset": false,
            "id": 41,
            "subpriority": 0,
            "used": false
          },
          {
            "$comment": "acronyms=[ADC1], exception=48, irq_number=32",
            "access": {
              "non_secure": true,
              "secure": false
            },
            "acronyms": [
              "ADC1"
            ],
            "description": "ADC1 global interrupt",
            "instances": [
              {
                "name": "ADC1"
              }
            ],
            "name": "ADC1",
            "priority": 0,
            "settable": true,
            "type": "peripheral",
            "used_at_reset": false,
            "id": 42,
            "subpriority": 0,
            "used": false
          },
          {
            "$comment": "acronyms=[ADC2], exception=49, irq_number=33",
            "access": {
              "non_secure": true,
              "secure": false
            },
            "acronyms": [
              "ADC2"
            ],
            "description": "ADC2 global interrupt",
            "instances": [
              {
                "name": "ADC2"
              }
            ],
            "name": "ADC2",
            "priority": 0,
            "settable": true,
            "type": "peripheral",
            "used_at_reset": false,
            "id": 43,
            "subpriority": 0,
            "used": false
          },
          {
            "$comment": "acronyms=[FDCAN1_IT0], exception=50, irq_number=34",
            "access": {
              "non_secure": true,
              "secure": false
            },
            "acronyms": [
              "FDCAN1_IT0"
            ],
            "description": "FDCAN1 Interrupt 0",
            "instances": [
              {
                "name": "FDCAN1"
              }
            ],
            "name": "FDCAN1_IT0",
            "priority": 0,
            "settable": true,
            "type": "peripheral",
            "used_at_reset": false,
            "id": 44,
            "subpriority": 0,
            "used": false
          },
          {
            "$comment": "acronyms=[FDCAN1_IT1], exception=51, irq_number=35",
            "access": {
              "non_secure": true,
              "secure": false
            },
            "acronyms": [
              "FDCAN1_IT1"
            ],
            "description": "FDCAN1 Interrupt 1",
            "instances": [
              {
                "name": "FDCAN1"
              }
            ],
            "name": "FDCAN1_IT1",
            "priority": 0,
            "settable": true,
            "type": "peripheral",
            "used_at_reset": false,
            "id": 45,
            "subpriority": 0,
            "used": false
          },
          {
            "$comment": "acronyms=[TIM1_BRK_TERR_IERR], exception=52, irq_number=36",
            "access": {
              "non_secure": true,
              "secure": false
            },
            "acronyms": [
              "TIM1_BRK_TERR_IERR"
            ],
            "description": "TIM1 Break/TIM1 Transition error/TIM1 Index error",
            "instances": [
              {
                "name": "TIM1"
              }
            ],
            "name": "TIM1_BRK_TERR_IERR",
            "priority": 0,
            "settable": true,
            "type": "peripheral",
            "used_at_reset": false,
            "id": 46,
            "subpriority": 0,
            "used": false
          },
          {
            "$comment": "acronyms=[TIM1_UPD], exception=53, irq_number=37",
            "access": {
              "non_secure": true,
              "secure": false
            },
            "acronyms": [
              "TIM1_UPD"
            ],
            "description": "TIM1 Update",
            "instances": [
              {
                "name": "TIM1"
              }
            ],
            "name": "TIM1_UPD",
            "priority": 0,
            "settable": true,
            "type": "peripheral",
            "used_at_reset": false,
            "id": 47,
            "subpriority": 0,
            "used": false
          },
          {
            "$comment": "acronyms=[TIM1_TRGI_COM_DIR_IDX], exception=54, irq_number=38",
            "access": {
              "non_secure": true,
              "secure": false
            },
            "acronyms": [
              "TIM1_TRGI_COM_DIR_IDX"
            ],
            "description": "TIM1 trigger and commutation/TIM1 Direction Change interrupt/TIM1 Index",
            "instances": [
              {
                "name": "TIM1"
              }
            ],
            "name": "TIM1_TRGI_COM_DIR_IDX",
            "priority": 0,
            "settable": true,
            "type": "peripheral",
            "used_at_reset": false,
            "id": 48,
            "subpriority": 0,
            "used": false
          },
          {
            "$comment": "acronyms=[TIM1_CC], exception=55, irq_number=39",
            "access": {
              "non_secure": true,
              "secure": false
            },
            "acronyms": [
              "TIM1_CC"
            ],
            "description": "TIM1 capture compare interrupt",
            "instances": [
              {
                "name": "TIM1"
              }
            ],
            "name": "TIM1_CC",
            "priority": 0,
            "settable": true,
            "type": "peripheral",
            "used_at_reset": false,
            "id": 49,
            "subpriority": 0,
            "used": false
          },
          {
            "$comment": "acronyms=[TIM2], exception=56, irq_number=40",
            "access": {
              "non_secure": true,
              "secure": false
            },
            "acronyms": [
              "TIM2"
            ],
            "description": "TIM2 global interrupt",
            "instances": [
              {
                "name": "TIM2"
              }
            ],
            "name": "TIM2",
            "priority": 0,
            "settable": true,
            "type": "peripheral",
            "used_at_reset": false,
            "id": 50,
            "subpriority": 0,
            "used": false
          },
          {
            "$comment": "acronyms=[TIM5], exception=57, irq_number=41",
            "access": {
              "non_secure": true,
              "secure": false
            },
            "acronyms": [
              "TIM5"
            ],
            "description": "TIM5 global interrupt",
            "instances": [
              {
                "name": "TIM5"
              }
            ],
            "name": "TIM5",
            "priority": 0,
            "settable": true,
            "type": "peripheral",
            "used_at_reset": false,
            "id": 51,
            "subpriority": 0,
            "used": false
          },
          {
            "$comment": "acronyms=[TIM6], exception=58, irq_number=42",
            "access": {
              "non_secure": true,
              "secure": false
            },
            "acronyms": [
              "TIM6"
            ],
            "description": "TIM6 global interrupt",
            "instances": [
              {
                "name": "TIM6"
              }
            ],
            "name": "TIM6",
            "priority": 0,
            "settable": true,
            "type": "peripheral",
            "used_at_reset": false,
            "id": 52,
            "subpriority": 0,
            "used": false
          },
          {
            "$comment": "acronyms=[TIM7], exception=59, irq_number=43",
            "access": {
              "non_secure": true,
              "secure": false
            },
            "acronyms": [
              "TIM7"
            ],
            "description": "TIM7 global interrupt",
            "instances": [
              {
                "name": "TIM7"
              }
            ],
            "name": "TIM7",
            "priority": 0,
            "settable": true,
            "type": "peripheral",
            "used_at_reset": false,
            "id": 53,
            "subpriority": 0,
            "used": false
          },
          {
            "$comment": "acronyms=[I2C1_EV], exception=60, irq_number=44",
            "access": {
              "non_secure": true,
              "secure": false
            },
            "acronyms": [
              "I2C1_EV"
            ],
            "description": "I2C1 event interrupt",
            "instances": [
              {
                "name": "EXTI20"
              }
            ],
            "name": "I2C1_EV",
            "priority": 0,
            "settable": true,
            "type": "peripheral",
            "used_at_reset": false,
            "id": 54,
            "subpriority": 0,
            "used": false
          },
          {
            "$comment": "acronyms=[I2C1_ERR], exception=61, irq_number=45",
            "access": {
              "non_secure": true,
              "secure": false
            },
            "acronyms": [
              "I2C1_ERR"
            ],
            "description": "I2C1 error interrupt",
            "instances": [
              {
                "name": "I2C1"
              }
            ],
            "name": "I2C1_ERR",
            "priority": 0,
            "settable": true,
            "type": "peripheral",
            "used_at_reset": false,
            "id": 55,
            "subpriority": 0,
            "used": false
          },
          {
            "$comment": "acronyms=[I3C1_EV], exception=62, irq_number=46",
            "access": {
              "non_secure": true,
              "secure": false
            },
            "acronyms": [
              "I3C1_EV"
            ],
            "description": "I3C1 event interrupt",
            "instances": [
              {
                "name": "EXTI21"
              }
            ],
            "name": "I3C1_EV",
            "priority": 0,
            "settable": true,
            "type": "peripheral",
            "used_at_reset": false,
            "id": 56,
            "subpriority": 0,
            "used": false
          },
          {
            "$comment": "acronyms=[I3C1_ERR], exception=63, irq_number=47",
            "access": {
              "non_secure": true,
              "secure": false
            },
            "acronyms": [
              "I3C1_ERR"
            ],
            "description": "I3C1 error interrupt",
            "instances": [
              {
                "name": "I3C1"
              }
            ],
            "name": "I3C1_ERR",
            "priority": 0,
            "settable": true,
            "type": "peripheral",
            "used_at_reset": false,
            "id": 57,
            "subpriority": 0,
            "used": false
          },
          {
            "$comment": "acronyms=[SPI1], exception=64, irq_number=48",
            "access": {
              "non_secure": true,
              "secure": false
            },
            "acronyms": [
              "SPI1"
            ],
            "description": "SPI1 global interrupt",
            "instances": [
              {
                "name": "EXTI22"
              }
            ],
            "name": "SPI1",
            "priority": 0,
            "settable": true,
            "type": "peripheral",
            "used_at_reset": false,
            "id": 58,
            "subpriority": 0,
            "used": false
          },
          {
            "$comment": "acronyms=[SPI2], exception=65, irq_number=49",
            "access": {
              "non_secure": true,
              "secure": false
            },
            "acronyms": [
              "SPI2"
            ],
            "description": "SPI2 global interrupt",
            "instances": [
              {
                "name": "EXTI23"
              }
            ],
            "name": "SPI2",
            "priority": 0,
            "settable": true,
            "type": "peripheral",
            "used_at_reset": false,
            "id": 59,
            "subpriority": 0,
            "used": false
          },
          {
            "$comment": "acronyms=[SPI3], exception=66, irq_number=50",
            "access": {
              "non_secure": true,
              "secure": false
            },
            "acronyms": [
              "SPI3"
            ],
            "description": "SPI3 global interrupt",
            "instances": [
              {
                "name": "EXTI24"
              }
            ],
            "name": "SPI3",
            "priority": 0,
            "settable": true,
            "type": "peripheral",
            "used_at_reset": false,
            "id": 60,
            "subpriority": 0,
            "used": false
          },
          {
            "$comment": "acronyms=[USART1], exception=67, irq_number=51",
            "access": {
              "non_secure": true,
              "secure": false
            },
            "acronyms": [
              "USART1"
            ],
            "description": "USART1 global interrupt",
            "instances": [
              {
                "name": "EXTI25"
              }
            ],
            "name": "USART1",
            "priority": 0,
            "settable": true,
            "type": "peripheral",
            "used_at_reset": false,
            "id": 61,
            "subpriority": 0,
            "used": false
          },
          {
            "$comment": "acronyms=[USART2], exception=68, irq_number=52",
            "access": {
              "non_secure": true,
              "secure": false
            },
            "acronyms": [
              "USART2"
            ],
            "description": "USART2 global interrupt",
            "instances": [
              {
                "name": "EXTI26"
              }
            ],
            "name": "USART2",
            "priority": 0,
            "settable": true,
            "type": "peripheral",
            "used_at_reset": false,
            "id": 62,
            "subpriority": 0,
            "used": true
          },
          {
            "$comment": "acronyms=[USART3], exception=69, irq_number=53",
            "access": {
              "non_secure": true,
              "secure": false
            },
            "acronyms": [
              "USART3"
            ],
            "description": "USART3 global interrupt",
            "instances": [
              {
                "name": "EXTI27"
              }
            ],
            "name": "USART3",
            "priority": 0,
            "settable": true,
            "type": "peripheral",
            "used_at_reset": false,
            "id": 63,
            "subpriority": 0,
            "used": false
          },
          {
            "$comment": "acronyms=[UART4], exception=70, irq_number=54",
            "access": {
              "non_secure": true,
              "secure": false
            },
            "acronyms": [
              "UART4"
            ],
            "description": "UART4 global interrupt",
            "instances": [
              {
                "name": "EXTI28"
              }
            ],
            "name": "UART4",
            "priority": 0,
            "settable": true,
            "type": "peripheral",
            "used_at_reset": false,
            "id": 64,
            "subpriority": 0,
            "used": false
          },
          {
            "$comment": "acronyms=[UART5], exception=71, irq_number=55",
            "access": {
              "non_secure": true,
              "secure": false
            },
            "acronyms": [
              "UART5"
            ],
            "description": "UART5 global interrupt",
            "instances": [
              {
                "name": "EXTI29"
              }
            ],
            "name": "UART5",
            "priority": 0,
            "settable": true,
            "type": "peripheral",
            "used_at_reset": false,
            "id": 65,
            "subpriority": 0,
            "used": false
          },
          {
            "$comment": "acronyms=[LPUART1], exception=72, irq_number=56",
            "access": {
              "non_secure": true,
              "secure": false
            },
            "acronyms": [
              "LPUART1"
            ],
            "description": "LPUART1 Rx interrupt OR LPUART1 Tx interrupt",
            "instances": [
              {
                "name": "EXTI30"
              }
            ],
            "name": "LPUART1",
            "priority": 0,
            "settable": true,
            "type": "peripheral",
            "used_at_reset": false,
            "id": 66,
            "subpriority": 0,
            "used": false
          },
          {
            "$comment": "acronyms=[LPTIM1], exception=73, irq_number=57",
            "access": {
              "non_secure": true,
              "secure": false
            },
            "acronyms": [
              "LPTIM1"
            ],
            "description": "LPTIM1 global interrupt",
            "instances": [
              {
                "name": "EXTI31"
              }
            ],
            "name": "LPTIM1",
            "priority": 0,
            "settable": true,
            "type": "peripheral",
            "used_at_reset": false,
            "id": 67,
            "subpriority": 0,
            "used": false
          },
          {
            "$comment": "acronyms=[TIM12], exception=74, irq_number=58",
            "access": {
              "non_secure": true,
              "secure": false
            },
            "acronyms": [
              "TIM12"
            ],
            "description": "TIM12 global interrupt",
            "instances": [
              {
                "name": "TIM12"
              }
            ],
            "name": "TIM12",
            "priority": 0,
            "settable": true,
            "type": "peripheral",
            "used_at_reset": false,
            "id": 68,
            "subpriority": 0,
            "used": false
          },
          {
            "$comment": "acronyms=[TIM15], exception=75, irq_number=59",
            "access": {
              "non_secure": true,
              "secure": false
            },
            "acronyms": [
              "TIM15"
            ],
            "description": "TIM15 global interrupt",
            "instances": [
              {
                "name": "TIM15"
              }
            ],
            "name": "TIM15",
            "priority": 0,
            "settable": true,
            "type": "peripheral",
            "used_at_reset": false,
            "id": 69,
            "subpriority": 0,
            "used": false
          },
          {
            "$comment": "acronyms=[TIM16], exception=76, irq_number=60",
            "access": {
              "non_secure": true,
              "secure": false
            },
            "acronyms": [
              "TIM16"
            ],
            "description": "TIM16 global interrupt",
            "instances": [
              {
                "name": "TIM16"
              }
            ],
            "name": "TIM16",
            "priority": 0,
            "settable": true,
            "type": "peripheral",
            "used_at_reset": false,
            "id": 70,
            "subpriority": 0,
            "used": false
          },
          {
            "$comment": "acronyms=[TIM17], exception=77, irq_number=61",
            "access": {
              "non_secure": true,
              "secure": false
            },
            "acronyms": [
              "TIM17"
            ],
            "description": "TIM17 global interrupt",
            "instances": [
              {
                "name": "TIM17"
              }
            ],
            "name": "TIM17",
            "priority": 0,
            "settable": true,
            "type": "peripheral",
            "used_at_reset": false,
            "id": 71,
            "subpriority": 0,
            "used": false
          },
          {
            "$comment": "acronyms=[USB], exception=78, irq_number=62",
            "access": {
              "non_secure": true,
              "secure": false
            },
            "acronyms": [
              "USB"
            ],
            "description": "USB OTG FS global interrupt",
            "instances": [
              {
                "name": "EXTI32"
              }
            ],
            "name": "USB",
            "priority": 0,
            "settable": true,
            "type": "peripheral",
            "used_at_reset": false,
            "id": 72,
            "subpriority": 0,
            "used": false
          },
          {
            "$comment": "acronyms=[CRS], exception=79, irq_number=63",
            "access": {
              "non_secure": true,
              "secure": false
            },
            "acronyms": [
              "CRS"
            ],
            "description": "Clock Recovery System global interrupt",
            "instances": [
              {
                "name": "CRS"
              }
            ],
            "name": "CRS",
            "priority": 0,
            "settable": true,
            "type": "peripheral",
            "used_at_reset": false,
            "id": 73,
            "subpriority": 0,
            "used": false
          },
          {
            "$comment": "acronyms=[RNG], exception=80, irq_number=64",
            "access": {
              "non_secure": true,
              "secure": false
            },
            "acronyms": [
              "RNG"
            ],
            "description": "RNG global interrupt",
            "instances": [
              {
                "name": "RNG"
              }
            ],
            "name": "RNG",
            "priority": 0,
            "settable": true,
            "type": "peripheral",
            "used_at_reset": false,
            "id": 74,
            "subpriority": 0,
            "used": false
          },
          {
            "$comment": "acronyms=[FPU], exception=81, irq_number=65",
            "access": {
              "non_secure": true,
              "secure": false
            },
            "acronyms": [
              "FPU"
            ],
            "description": "Floating point interrupt",
            "instances": [
              {
                "name": "FPU"
              }
            ],
            "name": "FPU",
            "priority": 0,
            "settable": true,
            "type": "peripheral",
            "used_at_reset": false,
            "id": 75,
            "subpriority": 0,
            "used": false
          },
          {
            "$comment": "acronyms=[ICACHE], exception=82, irq_number=66",
            "access": {
              "non_secure": true,
              "secure": false
            },
            "acronyms": [
              "ICACHE"
            ],
            "description": "Instruction cache global interrupt",
            "instances": [
              {
                "name": "ICACHE"
              }
            ],
            "name": "ICACHE",
            "priority": 0,
            "settable": true,
            "type": "peripheral",
            "used_at_reset": false,
            "id": 76,
            "subpriority": 0,
            "used": false
          },
          {
            "$comment": "acronyms=[CORDIC], exception=83, irq_number=67",
            "access": {
              "non_secure": true,
              "secure": false
            },
            "acronyms": [
              "CORDIC"
            ],
            "description": "CORDIC interrupt",
            "instances": [
              {
                "name": "CORDIC"
              }
            ],
            "name": "CORDIC",
            "priority": 0,
            "settable": true,
            "type": "peripheral",
            "used_at_reset": false,
            "id": 77,
            "subpriority": 0,
            "used": false
          },
          {
            "$comment": "acronyms=[AES], exception=84, irq_number=68",
            "access": {
              "non_secure": true,
              "secure": false
            },
            "acronyms": [
              "AES"
            ],
            "description": "AES global interrupt",
            "instances": [
              {
                "name": "AES"
              }
            ],
            "name": "AES",
            "priority": 0,
            "settable": true,
            "type": "peripheral",
            "used_at_reset": false,
            "id": 78,
            "subpriority": 0,
            "used": false
          },
          {
            "$comment": "acronyms=[HASH], exception=85, irq_number=69",
            "access": {
              "non_secure": true,
              "secure": false
            },
            "acronyms": [
              "HASH"
            ],
            "description": "HASH interrupt",
            "instances": [
              {
                "name": "HASH"
              }
            ],
            "name": "HASH",
            "priority": 0,
            "settable": true,
            "type": "peripheral",
            "used_at_reset": false,
            "id": 79,
            "subpriority": 0,
            "used": false
          },
          {
            "$comment": "acronyms=[I2C2_EV], exception=86, irq_number=70",
            "access": {
              "non_secure": true,
              "secure": false
            },
            "acronyms": [
              "I2C2_EV"
            ],
            "description": "I2C2 event interrupt",
            "instances": [
              {
                "name": "EXTI33"
              }
            ],
            "name": "I2C2_EV",
            "priority": 0,
            "settable": true,
            "type": "peripheral",
            "used_at_reset": false,
            "id": 80,
            "subpriority": 0,
            "used": false
          },
          {
            "$comment": "acronyms=[I2C2_ERR], exception=87, irq_number=71",
            "access": {
              "non_secure": true,
              "secure": false
            },
            "acronyms": [
              "I2C2_ERR"
            ],
            "description": "I2C2 error interrupt",
            "instances": [
              {
                "name": "EXTI33"
              }
            ],
            "name": "I2C2_ERR",
            "priority": 0,
            "settable": true,
            "type": "peripheral",
            "used_at_reset": false,
            "id": 81,
            "subpriority": 0,
            "used": false
          },
          {
            "$comment": "acronyms=[TIM8_BRK_TERR_IERR], exception=88, irq_number=72",
            "access": {
              "non_secure": true,
              "secure": false
            },
            "acronyms": [
              "TIM8_BRK_TERR_IERR"
            ],
            "description": "TIM8 Break interrupt/TIM8 Transition error/TIM8 Index error",
            "instances": [
              {
                "name": "TIM8"
              }
            ],
            "name": "TIM8_BRK_TERR_IERR",
            "priority": 0,
            "settable": true,
            "type": "peripheral",
            "used_at_reset": false,
            "id": 82,
            "subpriority": 0,
            "used": false
          },
          {
            "$comment": "acronyms=[TIM8_UPD], exception=89, irq_number=73",
            "access": {
              "non_secure": true,
              "secure": false
            },
            "acronyms": [
              "TIM8_UPD"
            ],
            "description": "TIM8 Update interrupt",
            "instances": [
              {
                "name": "TIM8"
              }
            ],
            "name": "TIM8_UPD",
            "priority": 0,
            "settable": true,
            "type": "peripheral",
            "used_at_reset": false,
            "id": 83,
            "subpriority": 0,
            "used": false
          },
          {
            "$comment": "acronyms=[TIM8_TRGI_COM_DIR_IDX], exception=90, irq_number=74",
            "access": {
              "non_secure": true,
              "secure": false
            },
            "acronyms": [
              "TIM8_TRGI_COM_DIR_IDX"
            ],
            "description": "TIM8 trigger and commutation interrupt/TIM8 Direction Change interrupt/TIM8 Index",
            "instances": [
              {
                "name": "TIM8"
              }
            ],
            "name": "TIM8_TRGI_COM_DIR_IDX",
            "priority": 0,
            "settable": true,
            "type": "peripheral",
            "used_at_reset": false,
            "id": 84,
            "subpriority": 0,
            "used": false
          },
          {
            "$comment": "acronyms=[TIM8_CC], exception=91, irq_number=75",
            "access": {
              "non_secure": true,
              "secure": false
            },
            "acronyms": [
              "TIM8_CC"
            ],
            "description": "TIM8 capture compare interrupt",
            "instances": [
              {
                "name": "TIM8"
              }
            ],
            "name": "TIM8_CC",
            "priority": 0,
            "settable": true,
            "type": "peripheral",
            "used_at_reset": false,
            "id": 85,
            "subpriority": 0,
            "used": false
          },
          {
            "$comment": "acronyms=[COMP1], exception=92, irq_number=76",
            "access": {
              "non_secure": true,
              "secure": false
            },
            "acronyms": [
              "COMP1"
            ],
            "description": "COMP global interrupt",
            "instances": [
              {
                "name": "EXTI34"
              }
            ],
            "name": "COMP1",
            "priority": 0,
            "settable": true,
            "type": "peripheral",
            "used_at_reset": false,
            "id": 86,
            "subpriority": 0,
            "used": false
          },
          {
            "$comment": "acronyms=[DAC1], exception=93, irq_number=77",
            "access": {
              "non_secure": true,
              "secure": false
            },
            "acronyms": [
              "DAC1"
            ],
            "description": "DAC1 global interrupt",
            "instances": [
              {
                "name": "DAC1"
              }
            ],
            "name": "DAC1",
            "priority": 0,
            "settable": true,
            "type": "peripheral",
            "used_at_reset": false,
            "id": 87,
            "subpriority": 0,
            "used": false
          },
          {
            "$comment": "acronyms=[LPDMA2_CH0], exception=94, irq_number=78",
            "access": {
              "non_secure": true,
              "secure": false
            },
            "acronyms": [
              "LPDMA2_CH0"
            ],
            "description": "LPDMA2 channel0 global interrupt",
            "instances": [
              {
                "name": "LPDMA2"
              }
            ],
            "name": "LPDMA2_CH0",
            "priority": 0,
            "settable": true,
            "type": "peripheral",
            "used_at_reset": false,
            "id": 88,
            "subpriority": 0,
            "used": false
          },
          {
            "$comment": "acronyms=[LPDMA2_CH1], exception=95, irq_number=79",
            "access": {
              "non_secure": true,
              "secure": false
            },
            "acronyms": [
              "LPDMA2_CH1"
            ],
            "description": "LPDMA2 channel1 global interrupt",
            "instances": [
              {
                "name": "LPDMA2"
              }
            ],
            "name": "LPDMA2_CH1",
            "priority": 0,
            "settable": true,
            "type": "peripheral",
            "used_at_reset": false,
            "id": 89,
            "subpriority": 0,
            "used": false
          },
          {
            "$comment": "acronyms=[LPDMA2_CH2], exception=96, irq_number=80",
            "access": {
              "non_secure": true,
              "secure": false
            },
            "acronyms": [
              "LPDMA2_CH2"
            ],
            "description": "LPDMA2 channel2 global interrupt",
            "instances": [
              {
                "name": "LPDMA2"
              }
            ],
            "name": "LPDMA2_CH2",
            "priority": 0,
            "settable": true,
            "type": "peripheral",
            "used_at_reset": false,
            "id": 90,
            "subpriority": 0,
            "used": false
          },
          {
            "$comment": "acronyms=[LPDMA2_CH3], exception=97, irq_number=81",
            "access": {
              "non_secure": true,
              "secure": false
            },
            "acronyms": [
              "LPDMA2_CH3"
            ],
            "description": "LPDMA2 channe3 global interrupt",
            "instances": [
              {
                "name": "LPDMA2"
              }
            ],
            "name": "LPDMA2_CH3",
            "priority": 0,
            "settable": true,
            "type": "peripheral",
            "used_at_reset": false,
            "id": 91,
            "subpriority": 0,
            "used": false
          }
        ],
        "priority_bits": 4,
        "priority_grouping": true,
        "grouping": [
          {
            "value": 0,
            "description": "0 bits for subpriority, 4 bits for pre-emption priority",
            "selected": true
          },
          {
            "value": 1,
            "description": "1 bits for subpriority, 3 bits for pre-emption priority",
            "selected": false
          },
          {
            "value": 2,
            "description": "2 bits for subpriority, 2 bits for pre-emption priority",
            "selected": false
          },
          {
            "value": 3,
            "description": "3 bits for subpriority, 1 bits for pre-emption priority",
            "selected": false
          },
          {
            "value": 4,
            "description": "4 bits for subpriority, 0 bits for pre-emption priority",
            "selected": false
          }
        ],
        "priority_values": {
          "priority": [
            0,
            1,
            2,
            3,
            4,
            5,
            6,
            7,
            8,
            9,
            10,
            11,
            12,
            13,
            14,
            15
          ],
          "subpriority": [
            0
          ]
        }
      }
    ]
  },
  "configurations": [
    {
      "swp_name": "C562_UART_ToIdle_SW",
      "swp_uri": "cube:db8cfd73-56f8-47d7-b8d8-fe5c91f59403/57c3524c-eec0-4b2b-a4a3-f80756531407",
      "core": "Cortex-M33",
      "context": "NON_SECURE",
      "interrupts": [],
      "needs": [
        {
          "needId": "c5e4fe46-b3e0-4ce8-9049-be987cb91328",
          "destination": "USART2"
        }
      ]
    }
  ],
  "resourceNeeds": [
    {
      "needType": "need.interrupt.lines",
      "projectUri": "cube:db8cfd73-56f8-47d7-b8d8-fe5c91f59403/57c3524c-eec0-4b2b-a4a3-f80756531407",
      "componentId": "STMicroelectronics.stm32c5xx_hal_drivers.2.0.0-alpha.3.0$STMicroelectronics::Device:STM32CubeMX2 Config:UART@0.2.0#HAL CORE GPIO DMA Init and UART",
      "componentInstanceId": "3a51d2fc-da78-4be7-92a8-0d10585607f6",
      "propertyPath": "/parameters/System/nvicConfig",
      "selector": "*",
      "id": "c5e4fe46-b3e0-4ce8-9049-be987cb91328",
      "owner": "USART2"
    }
  ]
}