{
  "doNotAskForLocalInstallation": [
    "STMicroelectronics.stm32c5xx_hal_drivers.2.0.0-alpha.3.0",
    "STMicroelectronics.template_no_os.0.8.0",
    "ARM.CMSIS",
    "STMicroelectronics.button_hw-part.0.0.2",
    "STMicroelectronics.crystal_hw-part.0.0.3",
    "STMicroelectronics.ecmf2-40a100n6_hw-part.0.0.2",
    "STMicroelectronics.led_hw-part.0.0.2",
    "STMicroelectronics.mcp2562fd_hw-part.0.0.5",
    "STMicroelectronics.nucleo-c562re_hw-board.0.0.2",
    "STMicroelectronics.st-link_hw-part.0.0.2",
    "STMicroelectronics.stm32c5xx_dfp.2.0.0-beta.2",
    "STMicroelectronics.stm32c5xx_hal_drivers",
    "STMicroelectronics.syscalls",
    "STMicroelectronics.template_no_os"
  ],
  "layout": {
    "defaultInstallationFolderBase": "misc",
    "useOverrideInstallPatterns": false,
    "overrideInstallPatterns": [
      {
        "pattern": "(STMicroelectronics|ARM)\\.CMSIS-NN\\..*",
        "folder": "arch/cmsis_nn"
      },
      {
        "pattern": "(STMicroelectronics|ARM)\\.CMSIS-Compiler\\..*",
        "folder": "arch/cmsis_compiler"
      },
      {
        "pattern": "(STMicroelectronics|ARM)\\.CMSIS-DSP\\..*",
        "folder": "arch/cmsis_dsp"
      },
      {
        "pattern": "(STMicroelectronics|ARM)\\.CMSIS\\..*",
        "folder": "arch/cmsis"
      },
      {
        "pattern": "(STMicroelectronics|ARM)\\..*CMSIS.*",
        "folder": "arch"
      },
      {
        "pattern": "STMicroelectronics\\.(.*)_hal_drivers.*",
        "folder": "\\1_drivers"
      },
      {
        "pattern": "STMicroelectronics\\.(.*_dfp).*",
        "folder": "\\1"
      },
      {
        "pattern": "STMicroelectronics\\.utility.*",
        "folder": "utilities"
      },
      {
        "pattern": "STMicroelectronics\\.mw_([^.]+)\\..*",
        "folder": "middleware/\\1"
      },
      {
        "pattern": "STMicroelectronics.filex\\..*",
        "folder": "middleware/filex"
      },
      {
        "pattern": "STMicroelectronics.freertos\\..*",
        "folder": "middleware/freertos"
      },
      {
        "pattern": "STMicroelectronics.levelx\\..*",
        "folder": "middleware/levelx"
      },
      {
        "pattern": "STMicroelectronics.lwip\\..*",
        "folder": "middleware/lwip"
      },
      {
        "pattern": "STMicroelectronics.mbedtls\\..*",
        "folder": "middleware/mbedtls"
      },
      {
        "pattern": "STMicroelectronics.mcuboot\\..*",
        "folder": "middleware/mcuboot"
      },
      {
        "pattern": "STMicroelectronics.stcryptolib\\..*",
        "folder": "middleware/stcryptolib"
      },
      {
        "pattern": "STMicroelectronics.stfcf\\..*",
        "folder": "middleware/stfcf"
      },
      {
        "pattern": "STMicroelectronics.stm32_touchsensing_library\\..*",
        "folder": "middleware/stm32_touchsensing_library"
      },
      {
        "pattern": "STMicroelectronics.usbpd\\..*",
        "folder": "middleware/usbpd"
      },
      {
        "pattern": "STMicroelectronics.usbx\\..*",
        "folder": "middleware/usbx"
      },
      {
        "pattern": "STMicroelectronics.adv_trace\\..*",
        "folder": "utilities/adv_trace"
      },
      {
        "pattern": "STMicroelectronics.basic_stdio\\..*",
        "folder": "utilities/basic_stdio"
      },
      {
        "pattern": "STMicroelectronics.eeprom_emulation\\..*",
        "folder": "utilities/eeprom_emulation"
      },
      {
        "pattern": "STMicroelectronics.sequencer\\..*",
        "folder": "utilities/sequencer"
      },
      {
        "pattern": "STMicroelectronics.syscalls\\..*",
        "folder": "utilities/syscalls"
      },
      {
        "pattern": "STMicroelectronics.thread_safe_libc\\..*",
        "folder": "utilities/thread_safe_libc"
      }
    ]
  }
}